pc_110515;MONEDA EXTRANJERA;110515;pc_1105
pc_111010;MONEDA EXTRANJERA;111010;pc_1110
pc_111510;MONEDA EXTRANJERA;111510;pc_1115
pc_112505;ROTATORIOS MONEDA NACIONAL;112505;pc_1125
pc_112510;ROTATORIOS MONEDA EXTRANJERA;112510;pc_1125
pc_112515;ESPECIALES MONEDA NACIONAL;112515;pc_1125
pc_112520;ESPECIALES MONEDA EXTRANJERA;112520;pc_1125
pc_112525;DE AMORTIZACION MONEDA NACIONAL;112525;pc_1125
pc_112530;DE AMORTIZACION MONEDA EXTRANJERA;112530;pc_1125
pc_120505;AGRICULTURA, GANADERIA, CAZA Y SILVICULTURA;120505;pc_1205
pc_120510;PESCA;120510;pc_1205
pc_120515;EXPLOTACION DE MINAS Y CANTERAS;120515;pc_1205
pc_120520;INDUSTRIA MANUFACTURERA;120520;pc_1205
pc_120525;SUMINISTRO DE ELECTRICIDAD, GAS Y AGUA;120525;pc_1205
pc_120530;CONSTRUCCION;120530;pc_1205
pc_120535;COMERCIO AL POR MAYOR Y AL POR MENOR;120535;pc_1205
pc_120540;HOTELES Y RESTAURANTES;120540;pc_1205
pc_120545;TRANSPORTE, ALMACENAMIENTO Y COMUNICACIONES;120545;pc_1205
pc_120550;ACTIVIDAD FINANCIERA;120550;pc_1205
pc_120555;ACTIVIDADES INMOBILIARIAS, EMPRESARIALES Y DE ALQUILER;120555;pc_1205
pc_120560;ENSEÑANZA;120560;pc_1205
pc_120565;SERVICIOS SOCIALES Y DE SALUD;120565;pc_1205
pc_120570;OTRAS ACTIVIDADES DE SERVICIOS COMUNITARIOS, SOCIALES;120570;pc_1205
pc_120599;AJUSTES POR INFLACION;120599;pc_1205
pc_121005;AGRICULTURA, GANADERIA, CAZA Y SILVICULTURA;121005;pc_1210
pc_121010;PESCA;121010;pc_1210
pc_121015;EXPLOTACION DE MINAS Y CANTERAS;121015;pc_1210
pc_121020;INDUSTRIA MANUFACTURERA;121020;pc_1210
pc_121025;SUMINISTRO DE ELECTRICIDAD, GAS Y AGUA;121025;pc_1210
pc_121030;CONSTRUCCION;121030;pc_1210
pc_121035;COMERCIO AL POR MAYOR Y AL POR MENOR;121035;pc_1210
pc_121040;HOTELES Y RESTAURANTES;121040;pc_1210
pc_121045;TRANSPORTE, ALMACENAMIENTO Y COMUNICACIONES;121045;pc_1210
pc_121050;ACTIVIDAD FINANCIERA;121050;pc_1210
pc_121055;ACTIVIDADES INMOBILIARIAS, EMPRESARIALES Y DE ALQUILER;121055;pc_1210
pc_121060;ENSEÑANZA;121060;pc_1210
pc_121065;SERVICIOS SOCIALES Y DE SALUD;121065;pc_1210
pc_121070;OTRAS ACTIVIDADES DE SERVICIOS COMUNITARIOS, SOCIALES Y PERSONALES;121070;pc_1210
pc_121099;AJUSTES POR INFLACION;121099;pc_1210
pc_121505;BONOS PUBLICOS MONEDA NACIONAL;121505;pc_1215
pc_121510;BONOS PUBLICOS MONEDA EXTRANJERA;121510;pc_1215
pc_121515;BONOS ORDINARIOS;121515;pc_1215
pc_121520;BONOS CONVERTIBLES EN ACCIONES;121520;pc_1215
pc_1220;CEDULAS;1220;pc_12
pc_122005;CEDULAS DE CAPITALIZACION;122005;pc_1220
pc_122010;CEDULAS HIPOTECARIAS;122010;pc_1220
pc_122015;CEDULAS DE INVERSION;122015;pc_1220
pc_122095;OTRAS;122095;pc_1220
pc_122505;CERTIFICADOS DE DEPOSITO A TERMINO (C.D.T.);122505;pc_1225
pc_122510;CERTIFICADOS DE DEPOSITO DE AHORRO;122510;pc_1225
pc_122515;CERTIFICADOS DE AHORRO DE VALOR CONSTANTE (C.A.V.C.);122515;pc_1225
pc_122520;CERTIFICADOS DE CAMBIO;122520;pc_1225
pc_122525;CERTIFICADOS CAFETEROS VALORIZABLES;122525;pc_1225
pc_122530;CERTIFICADOS ELECTRICOS VALORIZABLES (C.E.V.);122530;pc_1225
pc_122535;CERTIFICADOS DE REEMBOLSO TRIBUTARIO (C.E.R.T.);122535;pc_1225
pc_122540;CERTIFICADOS DE DESARROLLO TURISTICO;122540;pc_1225
pc_122545;CERTIFICADOS DE INVERSION FORESTAL (C.I.F.);122545;pc_1225
pc_122595;OTROS;122595;pc_1225
pc_123005;EMPRESAS COMERCIALES;123005;pc_1230
pc_123010;EMPRESAS INDUSTRIALES;123010;pc_1230
pc_123015;EMPRESAS DE SERVICIOS;123015;pc_1230
pc_123505;TITULOS DE DESARROLLO AGROPECUARIO;123505;pc_1235
pc_123510;TITULOS CANJEABLES POR CERTIFICADOS DE CAMBIO;123510;pc_1235
pc_123515;TITULOS DE TESORERIA (T.E.S.);123515;pc_1235
pc_123520;TITULOS DE PARTICIPACION;123520;pc_1235
pc_123525;TITULOS DE CREDITO DE FOMENTO;123525;pc_1235
pc_123530;TITULOS FINANCIEROS AGROINDUSTRIALES (T.F.A.);123530;pc_1235
pc_123535;TITULOS DE AHORRO CAFETERO (T.A.C.);123535;pc_1235
pc_123540;TITULOS DE AHORRO NACIONAL (T.A.N.);123540;pc_1235
pc_123545;TITULOS ENERGETICOS DE RENTABILIDAD CRECIENTE (T.E.R.);123545;pc_1235
pc_123550;TITULOS DE AHORRO EDUCATIVO (T.A.E.);123550;pc_1235
pc_123555;TITULOS FINANCIEROS  INDUSTRIALES Y COMERCIALES;123555;pc_1235
pc_123560;TESOROS;123560;pc_1235
pc_123565;TITULOS DE DEVOLUCION DE IMPUESTOS NACIONALES (TIDIS);123565;pc_1235
pc_123570;TITULOS INMOBILIARIOS;123570;pc_1235
pc_123595;OTROS;123595;pc_1235
pc_124505;FIDEICOMISOS DE INVERSION MONEDA NACIONAL;124505;pc_1245
pc_124510;FIDEICOMISOS DE INVERSION MONEDA EXTRANJERA;124510;pc_1245
pc_125099;AJUSTES POR INFLACION;125099;pc_1250
pc_125505;BONOS DE FINANCIAMIENTO ESPECIAL;125505;pc_1255
pc_125510;BONOS DE FINANCIAMIENTO PRESUPUESTAL;125510;pc_1255
pc_125515;BONOS PARA DESARROLLO SOCIAL Y SEGURIDAD INTERNA (B.D.S.I.);125515;pc_1255
pc_126099;AJUSTES POR INFLACION;126099;pc_1260
pc_129599;AJUSTES POR INFLACION;129599;pc_1295
pc_133095;OTROS;133095;pc_1330
pc_133530;PARA ADQUISICION DE ACCIONES, CUOTAS O DERECHOS;133530;pc_1335
pc_133595;OTROS;133595;pc_1335
pc_134005;DE BIENES RAICES;134005;pc_1340
pc_134010;DE MAQUINARIA Y EQUIPO;134010;pc_1340
pc_134015;DE FLOTA Y EQUIPO DE TRANSPORTE;134015;pc_1340
pc_134020;DE FLOTA Y EQUIPO AEREO;134020;pc_1340
pc_134025;DE FLOTA Y EQUIPO FERREO;134025;pc_1340
pc_134030;DE FLOTA Y EQUIPO FLUVIAL Y/O MARITIMO;134030;pc_1340
pc_134035;DE SEMOVIENTES;134035;pc_1340
pc_134095;DE OTROS BIENES;134095;pc_1340
pc_134595;OTROS;134595;pc_1345
pc_135095;OTROS;135095;pc_1350
pc_135595;OTROS;135595;pc_1355
pc_136095;OTRAS;136095;pc_1360
pc_136520;MEDICOS, ODONTOLOGICOS Y SIMILARES;136520;pc_1365
pc_140599;AJUSTES POR INFLACION;140599;pc_1405
pc_141099;AJUSTES POR INFLACION;141099;pc_1410
pc_1415;OBRAS DE CONSTRUCCION EN CURSO;1415;pc_14
pc_141599;AJUSTES POR INFLACION;141599;pc_1415
pc_1417;OBRAS DE URBANISMO;1417;pc_14
pc_141799;AJUSTES POR INFLACION;141799;pc_1417
pc_142099;AJUSTES POR INFLACION;142099;pc_1420
pc_1425;CULTIVOS EN DESARROLLO;1425;pc_14
pc_142599;AJUSTES POR INFLACION;142599;pc_1425
pc_143005;PRODUCTOS MANUFACTURADOS;143005;pc_1430
pc_143010;PRODUCTOS EXTRAIDOS Y/O PROCESADOS;143010;pc_1430
pc_143015;PRODUCTOS AGRICOLAS Y FORESTALES;143015;pc_1430
pc_143020;SUBPRODUCTOS;143020;pc_1430
pc_143025;PRODUCTOS DE PESCA;143025;pc_1430
pc_143099;AJUSTES POR INFLACION;143099;pc_1430
pc_143599;AJUSTES POR INFLACION;143599;pc_1435
pc_1440;BIENES RAICES PARA LA VENTA;1440;pc_14
pc_144099;AJUSTES POR INFLACION;144099;pc_1440
pc_1445;SEMOVIENTES;1445;pc_14
pc_144505;ESPECIES MAYORES;144505;pc_1445
pc_144510;ESPECIES MENORES;144510;pc_1445
pc_144599;AJUSTES POR INFLACION;144599;pc_1445
pc_1450;TERRENOS;1450;pc_14
pc_145005;POR URBANIZAR;145005;pc_1450
pc_145010;URBANIZADOS POR CONSTRUIR;145010;pc_1450
pc_145099;AJUSTES POR INFLACION;145099;pc_1450
pc_1455;MATERIALES, REPUESTOS Y ACCESORIOS;1455;pc_14
pc_145505;COMBUSTIBLES Y LUBRICANTES;145505;pc_1455
pc_145510;ABONOS Y FERTILIZANTES;145510;pc_1455
pc_145515;SEMILLAS TERMINADAS;145515;pc_1455
pc_145520;FUNGICIDAS Y HERBICIDAS;145520;pc_1455
pc_145525;MATERIALES Y REPUESTOS;145525;pc_1455
pc_145530;LOZA Y CRISTALERIA;145530;pc_1455
pc_145535;HERRAMIENTAS;145535;pc_1455
pc_145540;MEDICINAS;145540;pc_1455
pc_145545;ELEMENTOS HOSPITALARIOS;145545;pc_1455
pc_145550;INSTRUMENTAL QUIRURGICO;145550;pc_1455
pc_145555;DOTACION Y SUMINISTRO A TRABAJADORES;145555;pc_1455
pc_145560;ELEMENTOS DE ROPERIA Y LENCERIA;145560;pc_1455
pc_145595;OTROS;145595;pc_1455
pc_145599;AJUSTES POR INFLACION;145599;pc_1455
pc_146099;AJUSTES POR INFLACION;146099;pc_1460
pc_1465;INVENTARIOS EN TRANSITO;1465;pc_14
pc_146599;AJUSTES POR INFLACION;146599;pc_1465
pc_1499;PROVISIONES;1499;pc_14
pc_149905;PARA OBSOLESCENCIA;149905;pc_1499
pc_149910;PARA DIFERENCIA DE INVENTARIO FISICO;149910;pc_1499
pc_149915;PARA PERDIDAS DE INVENTARIOS;149915;pc_1499
pc_149920;LIFO;149920;pc_1499
pc_15;PROPIEDADES PLANTA Y EQUIPO;15;pc_1
pc_150405;URBANOS;150405;pc_1504
pc_150410;RURALES;150410;pc_1504
pc_150499;AJUSTES POR INFLACION;150499;pc_1504
pc_150605;TUBERIAS Y EQUIPO;150605;pc_1506
pc_150610;COSTOS DE IMPORTACION MATERIALES;150610;pc_1506
pc_150615;PROYECTOS DE CONSTRUCCION;150615;pc_1506
pc_150699;AJUSTES POR INFLACION;150699;pc_1506
pc_150805;CONSTRUCCIONES Y EDIFICACIONES;150805;pc_1508
pc_150810;ACUEDUCTOS PLANTAS Y REDES;150810;pc_1508
pc_150815;VIAS DE COMUNICACION;150815;pc_1508
pc_150820;POZOS ARTESIANOS;150820;pc_1508
pc_150825;PROYECTOS DE EXPLORACION;150825;pc_1508
pc_150830;PROYECTOS DE DESARROLLO;150830;pc_1508
pc_150899;AJUSTES POR INFLACION;150899;pc_1508
pc_151205;MAQUINARIA Y EQUIPO;151205;pc_1512
pc_151210;EQUIPO DE OFICINA;151210;pc_1512
pc_151215;EQUIPO DE COMPUTACION Y COMUNICACION;151215;pc_1512
pc_151220;EQUIPO MEDICO-CIENTIFICO;151220;pc_1512
pc_151225;EQUIPO DE HOTELES Y RESTAURANTES;151225;pc_1512
pc_151230;FLOTA Y EQUIPO DE TRANSPORTE;151230;pc_1512
pc_151235;FLOTA Y EQUIPO FLUVIAL Y/O MARITIMO;151235;pc_1512
pc_151240;FLOTA Y EQUIPO AEREO;151240;pc_1512
pc_151245;FLOTA Y EQUIPO FERREO;151245;pc_1512
pc_151250;PLANTAS Y REDES;151250;pc_1512
pc_151299;AJUSTES POR INFLACION;151299;pc_1512
pc_151620;FABRICAS Y PLANTAS INDUSTRIALES;151620;pc_1516
pc_151625;SALAS DE EXHIBICION Y VENTAS;151625;pc_1516
pc_151630;CAFETERIA Y CASINOS;151630;pc_1516
pc_151635;SILOS;151635;pc_1516
pc_151640;INVERNADEROS;151640;pc_1516
pc_151645;CASETAS Y CAMPAMENTOS;151645;pc_1516
pc_151650;INSTALACIONES AGROPECUARIAS;151650;pc_1516
pc_151655;VIVIENDAS PARA EMPLEADOS Y OBREROS;151655;pc_1516
pc_151660;TERMINAL DE BUSES Y TAXIS;151660;pc_1516
pc_151663;TERMINAL MARITIMO;151663;pc_1516
pc_151665;TERMINAL FERREO;151665;pc_1516
pc_151670;PARQUEADEROS, GARAJES Y DEPOSITOS;151670;pc_1516
pc_151675;HANGARES;151675;pc_1516
pc_151680;BODEGAS;151680;pc_1516
pc_151695;OTROS;151695;pc_1516
pc_151699;AJUSTES POR INFLACION;151699;pc_1516
pc_152099;AJUSTES POR INFLACION;152099;pc_1520
pc_152499;AJUSTES POR INFLACION;152499;pc_1524
pc_152899;AJUSTES POR INFLACION;152899;pc_1528
pc_153205;MEDICO;153205;pc_1532
pc_153210;ODONTOLOGICO;153210;pc_1532
pc_153215;LABORATORIO;153215;pc_1532
pc_153220;INSTRUMENTAL;153220;pc_1532
pc_153295;OTROS;153295;pc_1532
pc_153299;AJUSTES POR INFLACION;153299;pc_1532
pc_153605;DE HABITACIONES;153605;pc_1536
pc_153610;DE COMESTIBLES Y BEBIDAS;153610;pc_1536
pc_153695;OTROS;153695;pc_1536
pc_153699;AJUSTES POR INFLACION;153699;pc_1536
pc_154005;AUTOS, CAMIONETAS Y CAMPEROS;154005;pc_1540
pc_154008;CAMIONES, VOLQUETAS Y FURGONES;154008;pc_1540
pc_154010;TRACTOMULAS Y REMOLQUES;154010;pc_1540
pc_154015;BUSES Y BUSETAS;154015;pc_1540
pc_154017;RECOLECTORES Y CONTENEDORES;154017;pc_1540
pc_154020;MONTACARGAS;154020;pc_1540
pc_154025;PALAS Y GRUAS;154025;pc_1540
pc_154030;MOTOCICLETAS;154030;pc_1540
pc_154035;BICICLETAS;154035;pc_1540
pc_154040;ESTIBAS Y CARRETAS;154040;pc_1540
pc_154045;BANDAS TRANSPORTADORAS;154045;pc_1540
pc_154095;OTROS;154095;pc_1540
pc_154099;AJUSTES POR INFLACION;154099;pc_1540
pc_1544;FLOTA Y EQUIPO FLUVIAL Y/O MARITIMO;1544;pc_15
pc_154405;BUQUES;154405;pc_1544
pc_154410;LANCHAS;154410;pc_1544
pc_154415;REMOLCADORAS;154415;pc_1544
pc_154420;BOTES;154420;pc_1544
pc_154425;BOYAS;154425;pc_1544
pc_154430;AMARRES;154430;pc_1544
pc_154435;CONTENEDORES Y CHASSISES;154435;pc_1544
pc_154440;GABARRAS;154440;pc_1544
pc_154495;OTROS;154495;pc_1544
pc_154499;AJUSTES POR INFLACION;154499;pc_1544
pc_1548;FLOTA Y EQUIPO AEREO;1548;pc_15
pc_154805;AVIONES;154805;pc_1548
pc_154810;AVIONETAS;154810;pc_1548
pc_154815;HELICOPTEROS;154815;pc_1548
pc_154820;TURBINAS Y MOTORES;154820;pc_1548
pc_154825;MANUALES DE ENTRENAMIENTO PERSONAL TECNICO;154825;pc_1548
pc_154830;EQUIPOS DE VUELO;154830;pc_1548
pc_154895;OTROS;154895;pc_1548
pc_154899;AJUSTES POR INFLACION;154899;pc_1548
pc_1552;FLOTA Y EQUIPO FERREO;1552;pc_15
pc_155205;LOCOMOTORAS;155205;pc_1552
pc_155210;VAGONES;155210;pc_1552
pc_155215;REDES FERREAS;155215;pc_1552
pc_155295;OTROS;155295;pc_1552
pc_155299;AJUSTES POR INFLACION;155299;pc_1552
pc_1556;ACUEDUCTOS PLANTAS Y REDES;1556;pc_15
pc_155605;INSTALACIONES PARA AGUA Y ENERGIA;155605;pc_1556
pc_155610;ACUEDUCTO ACEQUIAS Y CANALIZACIONES;155610;pc_1556
pc_155615;PLANTAS DE GENERACION HIDRAULICA;155615;pc_1556
pc_155620;PLANTAS DE GENERACION TERMICA;155620;pc_1556
pc_155625;PLANTAS DE GENERACION A GAS;155625;pc_1556
pc_155628;PLANTAS DE GENERACION DIESEL, GASOLINA Y PETROLEO;155628;pc_1556
pc_155630;PLANTAS DE DISTRIBUCION;155630;pc_1556
pc_155635;PLANTAS DE TRANSMISION Y SUBESTACIONES;155635;pc_1556
pc_155640;OLEODUCTOS;155640;pc_1556
pc_155645;GASODUCTOS;155645;pc_1556
pc_155647;POLIDUCTOS;155647;pc_1556
pc_155650;REDES DE DISTRIBUCION;155650;pc_1556
pc_155655;PLANTAS DE TRATAMIENTO;155655;pc_1556
pc_155660;REDES DE RECOLECCION DE AGUAS NEGRAS;155660;pc_1556
pc_155665;INSTALACIONES Y EQUIPO DE BOMBEO;155665;pc_1556
pc_155670;REDES DE DISTRIBUCION DE VAPOR;155670;pc_1556
pc_155675;REDES DE AIRE;155675;pc_1556
pc_155680;REDES ALIMENTACION DE GAS;155680;pc_1556
pc_155682;REDES EXTERNAS DE TELEFONIA;155682;pc_1556
pc_155685;PLANTAS DESHIDRATADORAS;155685;pc_1556
pc_155695;OTROS;155695;pc_1556
pc_155699;AJUSTES POR INFLACION;155699;pc_1556
pc_1560;ARMAMENTO DE VIGILANCIA;1560;pc_15
pc_156099;AJUSTES POR INFLACION;156099;pc_1560
pc_156299;AJUSTES POR INFLACION;156299;pc_1562
pc_1564;PLANTACIONES AGRICOLAS Y FORESTALES;1564;pc_15
pc_156405;CULTIVOS EN DESARROLLO;156405;pc_1564
pc_156410;CULTIVOS AMORTIZABLES;156410;pc_1564
pc_156499;AJUSTES POR INFLACION;156499;pc_1564
pc_1568;VIAS DE COMUNICACION;1568;pc_15
pc_156805;PAVIMENTACION Y PATIOS;156805;pc_1568
pc_156810;VIAS;156810;pc_1568
pc_156815;PUENTES;156815;pc_1568
pc_156820;CALLES;156820;pc_1568
pc_156825;AERODROMOS;156825;pc_1568
pc_156895;OTROS;156895;pc_1568
pc_156899;AJUSTES POR INFLACION;156899;pc_1568
pc_1572;MINAS Y CANTERAS;1572;pc_15
pc_157205;MINAS;157205;pc_1572
pc_157210;CANTERAS;157210;pc_1572
pc_157299;AJUSTES POR INFLACION;157299;pc_1572
pc_1576;POZOS ARTESIANOS;1576;pc_15
pc_157699;AJUSTES POR INFLACION;157699;pc_1576
pc_1580;YACIMIENTOS;1580;pc_15
pc_158099;AJUSTES POR INFLACION;158099;pc_1580
pc_158405;ESPECIES MENORES;158405;pc_1584
pc_158410;ESPECIES MAYORES;158410;pc_1584
pc_158499;AJUSTES POR INFLACION;158499;pc_1584
pc_1588;PROPIEDADES PLANTA Y EQUIPO EN TRANSITO;1588;pc_15
pc_158805;MAQUINARIA Y EQUIPO;158805;pc_1588
pc_158810;EQUIPO DE OFICINA;158810;pc_1588
pc_158815;EQUIPO DE COMPUTACION Y COMUNICACION;158815;pc_1588
pc_158820;EQUIPO MEDICO CIENTIFICO;158820;pc_1588
pc_158825;EQUIPO DE HOTELES Y RESTAURANTES;158825;pc_1588
pc_158830;FLOTA Y EQUIPO DE TRANSPORTE;158830;pc_1588
pc_158835;FLOTA Y EQUIPO FLUVIAL Y/O MARITIMO;158835;pc_1588
pc_158840;FLOTA Y EQUIPO AEREO;158840;pc_1588
pc_158845;FLOTA Y EQUIPO FERREO;158845;pc_1588
pc_158850;PLANTAS Y REDES;158850;pc_1588
pc_158855;ARMAMENTO DE VIGILANCIA;158855;pc_1588
pc_158860;SEMOVIENTES;158860;pc_1588
pc_158865;ENVASES Y EMPAQUES;158865;pc_1588
pc_158899;AJUSTES POR INFLACION;158899;pc_1588
pc_159205;CONSTRUCCIONES Y EDIFICACIONES;159205;pc_1592
pc_159210;MAQUINARIA Y EQUIPO;159210;pc_1592
pc_159215;EQUIPO DE OFICINA;159215;pc_1592
pc_159220;EQUIPO DE COMPUTACION Y COMUNICACION;159220;pc_1592
pc_159225;EQUIPO MEDICO CIENTIFICO;159225;pc_1592
pc_159230;EQUIPO DE HOTELES Y RESTAURANTES;159230;pc_1592
pc_159235;FLOTA Y EQUIPO DE TRANSPORTE;159235;pc_1592
pc_159240;FLOTA Y EQUIPO FLUVIAL Y/O MARITIMO;159240;pc_1592
pc_159245;FLOTA Y EQUIPO AEREO;159245;pc_1592
pc_159250;FLOTA Y EQUIPO FERREO;159250;pc_1592
pc_159255;ACUEDUCTOS PLANTAS Y REDES;159255;pc_1592
pc_159260;ARMAMENTO DE VIGILANCIA;159260;pc_1592
pc_159265;ENVASES Y EMPAQUES;159265;pc_1592
pc_159299;AJUSTES POR INFLACION;159299;pc_1592
pc_159605;EXCESO FISCAL SOBRE LA CONTABLE;159605;pc_1596
pc_159610;DEFECTO FISCAL SOBRE LA CONTABLE (CR);159610;pc_1596
pc_159699;AJUSTES POR INFLACION;159699;pc_1596
pc_159705;PLANTACIONES AGRICOLAS Y FORESTALES;159705;pc_1597
pc_159710;VIAS DE COMUNICACION;159710;pc_1597
pc_159715;SEMOVIENTES;159715;pc_1597
pc_159799;AJUSTES POR INFLACION;159799;pc_1597
pc_159805;MINAS Y CANTERAS;159805;pc_1598
pc_159815;POZOS ARTESIANOS;159815;pc_1598
pc_159820;YACIMIENTOS;159820;pc_1598
pc_159899;AJUSTES POR INFLACION;159899;pc_1598
pc_159904;TERRENOS;159904;pc_1599
pc_159906;MATERIALES PROYECTOS PETROLEROS;159906;pc_1599
pc_159908;CONSTRUCCIONES EN CURSO;159908;pc_1599
pc_159912;MAQUINARIA EN MONTAJE;159912;pc_1599
pc_159916;CONSTRUCCIONES Y EDIFICACIONES;159916;pc_1599
pc_159920;MAQUINARIA Y EQUIPO;159920;pc_1599
pc_159924;EQUIPO DE OFICINA;159924;pc_1599
pc_159928;EQUIPO DE COMPUTACION Y COMUNICACION;159928;pc_1599
pc_159932;EQUIPO MEDICO CIENTIFICO;159932;pc_1599
pc_159936;EQUIPO DE HOTELES Y RESTAURANTES;159936;pc_1599
pc_159940;FLOTA Y EQUIPO DE TRANSPORTE;159940;pc_1599
pc_159944;FLOTA Y EQUIPO FLUVIAL Y/O MARITIMO;159944;pc_1599
pc_159948;FLOTA Y EQUIPO AEREO;159948;pc_1599
pc_159952;FLOTA Y EQUIPO FERREO;159952;pc_1599
pc_159956;ACUEDUCTOS, PLANTAS Y REDES;159956;pc_1599
pc_159960;ARMAMENTO DE VIGILANCIA;159960;pc_1599
pc_159962;ENVASES Y EMPAQUES;159962;pc_1599
pc_159964;PLANTACIONES AGRICOLAS Y FORESTALES;159964;pc_1599
pc_159968;VIAS DE COMUNICACION;159968;pc_1599
pc_159972;MINAS Y CANTERAS;159972;pc_1599
pc_159980;POZOS ARTESIANOS;159980;pc_1599
pc_159984;YACIMIENTOS;159984;pc_1599
pc_159988;SEMOVIENTES;159988;pc_1599
pc_159992;PROPIEDADES PLANTA Y EQUIPO EN TRANSITO;159992;pc_1599
pc_160599;AJUSTES POR INFLACION;160599;pc_1605
pc_161099;AJUSTES POR INFLACION;161099;pc_1610
pc_161599;AJUSTES POR INFLACION;161599;pc_1615
pc_162099;AJUSTES POR INFLACION;162099;pc_1620
pc_162505;DERECHOS DE AUTOR;162505;pc_1625
pc_162510;PUESTO DE BOLSA;162510;pc_1625
pc_162515;EN FIDEICOMISOS INMOBILIARIOS;162515;pc_1625
pc_162520;EN FIDEICOMISOS DE GARANTIA;162520;pc_1625
pc_162525;EN FIDEICOMISOS DE ADMINISTRACION;162525;pc_1625
pc_162595;OTROS;162595;pc_1625
pc_162599;AJUSTES POR INFLACION;162599;pc_1625
pc_163099;AJUSTES POR INFLACION;163099;pc_1630
pc_163599;AJUSTES POR INFLACION;163599;pc_1635
pc_169899;AJUSTES POR INFLACION;169899;pc_1698
pc_170595;OTROS;170595;pc_1705
pc_171012;ESTUDIOS, INVESTIGACIONES Y PROYECTOS;171012;pc_1710
pc_171044;PUBLICIDAD, PROPAGANDA Y AVISOS;171044;pc_1710
pc_171072;DESCUENTO EN COLOCACION DE BONOS;171072;pc_1710
pc_171095;OTROS;171095;pc_1710
pc_171099;AJUSTES POR INFLACION;171099;pc_1710
pc_1715;COSTOS DE EXPLORACION POR AMORTIZAR;1715;pc_17
pc_171505;POZOS SECOS;171505;pc_1715
pc_171510;POZOS NO COMERCIALES;171510;pc_1715
pc_171515;OTROS COSTOS DE EXPLORACION;171515;pc_1715
pc_171599;AJUSTES POR INFLACION;171599;pc_1715
pc_1720;COSTOS DE EXPLOTACION Y DESARROLLO;1720;pc_17
pc_172005;PERFORACION Y EXPLOTACION;172005;pc_1720
pc_172010;PERFORACIONES CAMPOS EN DESARROLLO;172010;pc_1720
pc_172015;FACILIDADES DE PRODUCCION;172015;pc_1720
pc_172020;SERVICIO A POZOS;172020;pc_1720
pc_172099;AJUSTES POR INFLACION;172099;pc_1720
pc_179805;COSTOS DE EXPLORACION POR AMORTIZAR;179805;pc_1798
pc_179810;COSTOS DE EXPLOTACION Y DESARROLLO;179810;pc_1798
pc_179899;AJUSTES POR INFLACION;179899;pc_1798
pc_1805;BIENES DE ARTE Y CULTURA;1805;pc_18
pc_180505;OBRAS DE ARTE;180505;pc_1805
pc_180510;BIBLIOTECAS;180510;pc_1805
pc_180595;OTROS;180595;pc_1805
pc_180599;AJUSTES POR INFLACION;180599;pc_1805
pc_189599;AJUSTES POR INFLACION;189599;pc_1895
pc_1910;DE PROPIEDADES PLANTA Y EQUIPO;1910;pc_19
pc_191004;TERRENOS;191004;pc_1910
pc_191006;MATERIALES PROYECTOS PETROLEROS;191006;pc_1910
pc_191008;CONSTRUCCIONES Y EDIFICACIONES;191008;pc_1910
pc_191012;MAQUINARIA Y EQUIPO;191012;pc_1910
pc_191016;EQUIPO DE OFICINA;191016;pc_1910
pc_191020;EQUIPO DE COMPUTACION Y COMUNICACION;191020;pc_1910
pc_191024;EQUIPO MEDICO CIENTIFICO;191024;pc_1910
pc_191028;EQUIPO DE HOTELES Y RESTAURANTES;191028;pc_1910
pc_191032;FLOTA Y EQUIPO DE TRANSPORTE;191032;pc_1910
pc_191036;FLOTA Y EQUIPO FLUVIAL Y/O MARITIMO;191036;pc_1910
pc_191040;FLOTA Y EQUIPO AEREO;191040;pc_1910
pc_191044;FLOTA Y EQUIPO FERREO;191044;pc_1910
pc_191048;ACUEDUCTOS PLANTAS Y REDES;191048;pc_1910
pc_191052;ARMAMENTO DE VIGILANCIA;191052;pc_1910
pc_191056;ENVASES Y EMPAQUES;191056;pc_1910
pc_191060;PLANTACIONES AGRICOLAS Y FORESTALES;191060;pc_1910
pc_191064;VIAS DE COMUNICACION;191064;pc_1910
pc_191068;MINAS Y CANTERAS;191068;pc_1910
pc_191072;POZOS ARTESIANOS;191072;pc_1910
pc_191076;YACIMIENTOS;191076;pc_1910
pc_191080;SEMOVIENTES;191080;pc_1910
pc_199505;BIENES DE ARTE Y CULTURA;199505;pc_1995
pc_199510;BIENES ENTREGADOS EN COMODATO;199510;pc_1995
pc_199515;BIENES RECIBIDOS EN PAGO;199515;pc_1995
pc_199520;INVENTARIO DE SEMOVIENTES;199520;pc_1995
pc_213505;ACCIONES;213505;pc_2135
pc_213510;CUOTAS O PARTES DE INTERES SOCIAL;213510;pc_2135
pc_213515;BONOS;213515;pc_2135
pc_213520;CEDULAS;213520;pc_2135
pc_213525;CERTIFICADOS;213525;pc_2135
pc_213530;PAPELES COMERCIALES;213530;pc_2135
pc_213535;TITULOS;213535;pc_2135
pc_213540;ACEPTACIONES BANCARIAS O FINANCIERAS;213540;pc_2135
pc_213595;OTROS;213595;pc_2135
pc_233515;LIBROS, SUSCRIPCIONES, PERIODICOS Y REVISTAS;233515;pc_2335
pc_233545;TRANSPORTES, FLETES Y ACARREOS;233545;pc_2335
pc_236545;LOTERIAS, RIFAS, APUESTAS Y SIMILARES;236545;pc_2365
pc_236560;ENAJENACION PROPIEDADES PLANTA Y EQUIPO PERSONAS NATURALES;236560;pc_2365
pc_237005;APORTES AL I.S.S.;237005;pc_2370
pc_237010;APORTES AL I.C.B.F., SENA Y CAJAS DE COMPENSACION;237010;pc_2370
pc_24;IMPUESTOS, GRAVAMENES Y TASAS;24;pc_2
pc_2440;DE ESPECTACULOS PUBLICOS;2440;pc_24
pc_2444;DE HIDROCARBUROS Y MINAS;2444;pc_24
pc_244405;DE HIDROCARBUROS;244405;pc_2444
pc_244410;DE MINAS;244410;pc_2444
pc_2448;REGALIAS E IMPUESTOS A LA PEQUEÑA Y MEDIANA MINERIA;2448;pc_24
pc_2452;A LAS EXPORTACIONES CAFETERAS;2452;pc_24
pc_2456;A LAS IMPORTACIONES;2456;pc_24
pc_2460;CUOTAS DE FOMENTO;2460;pc_24
pc_2464;DE LICORES, CERVEZAS Y CIGARRILLOS;2464;pc_24
pc_246405;DE LICORES;246405;pc_2464
pc_246410;DE CERVEZAS;246410;pc_2464
pc_246415;DE CIGARRILLOS;246415;pc_2464
pc_2468;AL SACRIFICIO DE GANADO;2468;pc_24
pc_2472;AL AZAR Y JUEGOS;2472;pc_24
pc_2495;OTROS;2495;pc_24
pc_252501;a 252598;252501;pc_2525
pc_260525;TRANSPORTES, FLETES Y ACARREOS;260525;pc_2605
pc_260595;OTROS;260595;pc_2605
pc_261005;CESANTIAS;261005;pc_2610
pc_261010;INTERESES SOBRE CESANTIAS;261010;pc_2610
pc_261015;VACACIONES;261015;pc_2610
pc_261020;PRIMA DE SERVICIOS;261020;pc_2610
pc_261025;PRESTACIONES EXTRALEGALES;261025;pc_2610
pc_261030;VIATICOS;261030;pc_2610
pc_261095;OTRAS;261095;pc_2610
pc_261595;OTROS;261595;pc_2615
pc_262595;OTROS;262595;pc_2625
pc_263005;TERRENOS;263005;pc_2630
pc_263010;CONSTRUCCIONES Y EDIFICACIONES;263010;pc_2630
pc_263015;MAQUINARIA Y EQUIPO;263015;pc_2630
pc_263020;EQUIPO DE OFICINA;263020;pc_2630
pc_263025;EQUIPO DE COMPUTACION Y COMUNICACION;263025;pc_2630
pc_263030;EQUIPO MEDICO - CIENTIFICO;263030;pc_2630
pc_263035;EQUIPO DE HOTELES Y RESTAURANTES;263035;pc_2630
pc_263040;FLOTA Y EQUIPO DE TRANSPORTE;263040;pc_2630
pc_263045;FLOTA Y EQUIPO FLUVIAL Y/O MARITIMO;263045;pc_2630
pc_263050;FLOTA Y EQUIPO AEREO;263050;pc_2630
pc_263055;FLOTA Y EQUIPO FERREO;263055;pc_2630
pc_263060;ACUEDUCTOS PLANTAS Y REDES;263060;pc_2630
pc_263065;ARMAMENTO DE VIGILANCIA;263065;pc_2630
pc_263070;ENVASES Y EMPAQUES;263070;pc_2630
pc_263075;PLANTACIONES AGRICOLAS Y FORESTALES;263075;pc_2630
pc_263080;VIAS DE CUMUNICACION;263080;pc_2630
pc_263085;POZOS ARTESIANOS;263085;pc_2630
pc_263095;OTROS;263095;pc_2630
pc_269505;PARA BENEFICENCIA;269505;pc_2695
pc_269510;PARA COMUNICACIONES;269510;pc_2695
pc_269515;PARA PERDIDA EN TRANSPORTE;269515;pc_2695
pc_269520;PARA OPERACION;269520;pc_2695
pc_269525;PARA PROTECCION DE BIENES AGOTABLES;269525;pc_2695
pc_269530;PARA AJUSTES EN REDENCION DE UNIDADES;269530;pc_2695
pc_269535;AUTOSEGURO;269535;pc_2695
pc_269540;PLANES Y PROGRAMAS DE REFORESTACION Y ELECTRIFICACION;269540;pc_2695
pc_269595;OTRAS;269595;pc_2695
pc_270535;TRANSPORTES, FLETES Y ACARREOS;270535;pc_2705
pc_270595;OTROS;270595;pc_2705
pc_272599;AJUSTES POR INFLACION;272599;pc_2725
pc_281095;OTROS;281095;pc_2810
pc_289505;PRESTAMOS DE PRODUCTOS;289505;pc_2895
pc_289510;REEMBOLSO DE COSTOS EXPLORATORIOS;289510;pc_2895
pc_289515;PROGRAMA DE EXTENSION AGROPECUARIA;289515;pc_2895
pc_290505;GARANTIA GENERAL;290505;pc_2905
pc_290510;GARANTIA ESPECIFICA;290510;pc_2905
pc_3110;ACCIONES, CUOTAS O PARTES DE INTERES SOCIAL PROPIAS READQUIRIDAS (DB);3110;pc_31
pc_311005;ACCIONES PROPIAS READQUIRIDAS (DB);311005;pc_3110
pc_311010;CUOTAS O PARTES DE INTERES SOCIAL PROPIAS READQUIRIDAS (DB);311010;pc_3110
pc_3205;PRIMA EN COLOCACION DE ACCIONES, CUOTAS O PARTES DE INTERES;3205;pc_32
pc_330520;RESERVA PARA EXTENSION AGROPECUARIA;330520;pc_3305
pc_330525;RESERVA LEY 7a. DE 1990;330525;pc_3305
pc_330530;RESERVA PARA REPOSICION DE SEMOVIENTES;330530;pc_3305
pc_330535;RESERVA LEY 4a DE 1980;330535;pc_3305
pc_330595;OTRAS;330595;pc_3305
pc_331095;OTRAS;331095;pc_3310
pc_331505;PARA BENEFICENCIA Y CIVISMO;331505;pc_3315
pc_331510;PARA FUTURAS CAPITALIZACIONES;331510;pc_3315
pc_331515;PARA FUTUROS ENSANCHES;331515;pc_3315
pc_331520;PARA ADQUISICION O REPOSICION DE PROPIEDADES PLANTA Y EQUIPO;331520;pc_3315
pc_331525;PARA INVESTIGACIONES Y DESARROLLO;331525;pc_3315
pc_331530;PARA FOMENTO ECONOMICO;331530;pc_3315
pc_331535;PARA CAPITAL DE TRABAJO;331535;pc_3315
pc_331540;PARA ESTABILIZACION DE RENDIMIENTOS;331540;pc_3315
pc_331545;A DISPOSICION DEL MAXIMO ORGANO SOCIAL;331545;pc_3315
pc_331595;OTRAS;331595;pc_3315
pc_3405;AJUSTES POR INFLACION;3405;pc_34
pc_340505;DE CAPITAL SOCIAL;340505;pc_3405
pc_340510;DE SUPERAVIT DE CAPITAL;340510;pc_3405
pc_340515;DE RESERVAS;340515;pc_3405
pc_340520;DE RESULTADOS DE EJERCICIOS ANTERIORES;340520;pc_3405
pc_340525;DE ACTIVOS EN PERIODO IMPRODUCTIVO;340525;pc_3405
pc_3415;AJUSTES POR INFLACION DECRETO 3019 DE 1989;3415;pc_34
pc_35;DIVIDENDOS O PARTICIPACIONES DECRETADOS EN ACCIONES, CUOTAS O PARTES DE INTERES SOCIAL;35;pc_3
pc_360505;UTILIDAD DEL EJERCICIO;360505;pc_3605
pc_360510;UTILIDAD POR EXPOSICION A LA INFLACION;360510;pc_3605
pc_361005;PERDIDA DEL EJERCICIO;361005;pc_3610
pc_361010;PERDIDA POR EXPOSICION A LA INFLACION;361010;pc_3610
pc_380505;ACCIONES;380505;pc_3805
pc_380510;CUOTAS O PARTES DE INTERES SOCIAL;380510;pc_3805
pc_380515;DERECHOS FIDUCIARIOS;380515;pc_3805
pc_3810;DE PROPIEDADES PLANTA Y EQUIPO;3810;pc_38
pc_381004;TERRENOS;381004;pc_3810
pc_381006;MATERIALES PROYECTOS PETROLEROS;381006;pc_3810
pc_381008;CONSTRUCCIONES Y EDIFICACIONES;381008;pc_3810
pc_381012;MAQUINARIA Y EQUIPO;381012;pc_3810
pc_381016;EQUIPO DE OFICINA;381016;pc_3810
pc_381020;EQUIPO DE COMPUTACION Y COMUNICACION;381020;pc_3810
pc_381024;EQUIPO MEDICO CIENTIFICO;381024;pc_3810
pc_381028;EQUIPO DE HOTELES Y RESTAURANTES;381028;pc_3810
pc_381032;FLOTA Y EQUIPO DE TRANSPORTE;381032;pc_3810
pc_381036;FLOTA Y EQUIPO FLUVIAL Y/O MARITIMO;381036;pc_3810
pc_381040;FLOTA Y EQUIPO AEREO;381040;pc_3810
pc_381044;FLOTA Y EQUIPO FERREO;381044;pc_3810
pc_381048;ACUEDUCTOS PLANTAS Y REDES;381048;pc_3810
pc_381052;ARMAMENTO DE VIGILANCIA;381052;pc_3810
pc_381056;ENVASES Y EMPAQUES;381056;pc_3810
pc_381060;PLANTACIONES AGRICOLAS Y FORESTALES;381060;pc_3810
pc_381064;VIAS DE COMUNICACION;381064;pc_3810
pc_381068;MINAS Y CANTERAS;381068;pc_3810
pc_381072;POZOS ARTESIANOS;381072;pc_3810
pc_381076;YACIMIENTOS;381076;pc_3810
pc_381080;SEMOVIENTES;381080;pc_3810
pc_389505;BIENES DE ARTE Y CULTURA;389505;pc_3895
pc_389510;BIENES ENTREGADOS EN COMODATO;389510;pc_3895
pc_389515;BIENES RECIBIDOS EN PAGO;389515;pc_3895
pc_389520;INVENTARIO DE SEMOVIENTES;389520;pc_3895
pc_4105;AGRICULTURA, GANADERIA, CAZA Y SILVICULTURA;4105;pc_41
pc_410505;CULTIVO DE CEREALES;410505;pc_4105
pc_410510;CULTIVOS DE HORTALIZAS, LEGUMBRES Y PLANTAS ORNAMENTALES;410510;pc_4105
pc_410515;CULTIVOS DE FRUTAS, NUECES Y PLANTAS AROMATICAS;410515;pc_4105
pc_410520;CULTIVO DE CAFE;410520;pc_4105
pc_410525;CULTIVO DE FLORES;410525;pc_4105
pc_410530;CULTIVO DE CAÑA DE AZUCAR;410530;pc_4105
pc_410535;CULTIVO DE ALGODON Y PLANTAS PARA MATERIAL TEXTIL;410535;pc_4105
pc_410540;CULTIVO DE BANANO;410540;pc_4105
pc_410545;OTROS CULTIVOS AGRICOLAS;410545;pc_4105
pc_410550;CRIA DE OVEJAS, CABRAS, ASNOS, MULAS Y BURDEGANOS;410550;pc_4105
pc_410555;CRIA DE GANADO CABALLAR Y VACUNO.;410555;pc_4105
pc_410560;PRODUCCION AVICOLA;410560;pc_4105
pc_410565;CRIA DE OTROS ANIMALES;410565;pc_4105
pc_410570;SERVICIOS AGRICOLAS Y GANADEROS;410570;pc_4105
pc_410575;ACTIVIDAD DE CAZA;410575;pc_4105
pc_410580;ACTIVIDAD DE SILVICULTURA;410580;pc_4105
pc_410599;AJUSTES POR INFLACION;410599;pc_4105
pc_4110;PESCA;4110;pc_41
pc_411005;ACTIVIDAD DE PESCA;411005;pc_4110
pc_411010;EXPLOTACION DE CRIADEROS DE PECES;411010;pc_4110
pc_411095;ACTIVIDADES CONEXAS;411095;pc_4110
pc_411099;AJUSTES POR INFLACION;411099;pc_4110
pc_4115;EXPLOTACION DE MINAS Y CANTERAS;4115;pc_41
pc_411505;CARBON;411505;pc_4115
pc_411510;PETROLEO CRUDO;411510;pc_4115
pc_411512;GAS NATURAL;411512;pc_4115
pc_411514;SERVICIOS RELACIONADOS CON EXTRACCION DE PETROLEO Y GAS;411514;pc_4115
pc_411515;MINERALES DE HIERRO;411515;pc_4115
pc_411520;MINERALES METALIFEROS NO FERROSOS;411520;pc_4115
pc_411525;PIEDRA, ARENA Y ARCILLA;411525;pc_4115
pc_411527;PIEDRAS PRECIOSAS;411527;pc_4115
pc_411528;ORO;411528;pc_4115
pc_411530;OTRAS MINAS Y CANTERAS;411530;pc_4115
pc_411532;PRESTACION DE SERVICIOS SECTOR MINERO;411532;pc_4115
pc_411595;ACTIVIDADES CONEXAS;411595;pc_4115
pc_411599;AJUSTES POR INFLACION;411599;pc_4115
pc_4120;INDUSTRIAS MANUFACTURERAS;4120;pc_41
pc_412001;PRODUCCION Y PROCESAMIENTO DE CARNES Y PRODUCTOS CARNICOS;412001;pc_4120
pc_412002;PRODUCTOS DE PESCADO;412002;pc_4120
pc_412003;PRODUCTOS DE FRUTAS, LEGUMBRES Y HORTALIZAS;412003;pc_4120
pc_412004;ELABORACION DE ACEITES Y GRASAS;412004;pc_4120
pc_412005;ELABORACION DE PRODUCTOS LACTEOS;412005;pc_4120
pc_412006;ELABORACION DE PRODUCTOS DE MOLINERIA;412006;pc_4120
pc_412007;ELABORACION DE ALMIDONES Y DERIVADOS;412007;pc_4120
pc_412008;ELABORACION DE ALIMENTOS PARA ANIMALES;412008;pc_4120
pc_412009;ELABORACION DE PRODUCTOS PARA PANADERIA;412009;pc_4120
pc_412010;ELABORACION DE AZUCAR Y MELAZAS;412010;pc_4120
pc_412011;ELABORACION DE CACAO, CHOCOLATE Y CONFITERIA;412011;pc_4120
pc_412012;ELABORACION DE PASTAS  Y PRODUCTOS FARINACEOS;412012;pc_4120
pc_412013;ELABORACION DE PRODUCTOS DE CAFE;412013;pc_4120
pc_412014;ELABORACION DE OTROS PRODUCTOS ALIMENTICIOS;412014;pc_4120
pc_412015;ELABORACION DE BEBIDAS ALCOHOLICAS Y ALCOHOL ETILICO;412015;pc_4120
pc_412016;ELABORACION DE VINOS;412016;pc_4120
pc_412017;ELABORACION DE BEBIDAS MALTEADAS Y DE MALTA;412017;pc_4120
pc_412018;ELABORACION DE BEBIDAS NO ALCOHOLICAS;412018;pc_4120
pc_412019;ELABORACION DE PRODUCTOS DE TABACO;412019;pc_4120
pc_412020;PREPARACION E HILATURA DE FIBRAS TEXTILES Y TEJEDURIA;412020;pc_4120
pc_412021;ACABADO DE PRODUCTOS TEXTILES;412021;pc_4120
pc_412022;ELABORACION DE ARTICULOS DE MATERIALES TEXTILES;412022;pc_4120
pc_412023;ELABORACION DE TAPICES Y ALFOMBRAS;412023;pc_4120
pc_412024;ELABORACION DE CUERDAS, CORDELES, BRAMANTES Y REDES;412024;pc_4120
pc_412025;ELABORACION DE OTROS PRODUCTOS TEXTILES;412025;pc_4120
pc_412026;ELABORACION DE TEJIDOS;412026;pc_4120
pc_412027;ELABORACION DE PRENDAS DE VESTIR;412027;pc_4120
pc_412028;PREPARACION, ADOBO Y TEÑIDO DE PIELES;412028;pc_4120
pc_412029;CURTIDO, ADOBO O PREPARACION DE CUERO;412029;pc_4120
pc_412030;ELABORACION DE MALETAS, BOLSOS Y SIMILARES;412030;pc_4120
pc_412031;ELABORACION DE CALZADO;412031;pc_4120
pc_412032;PRODUCCION DE MADERA, ARTICULOS DE MADERA Y CORCHO;412032;pc_4120
pc_412033;ELABORACION DE PASTA Y PRODUCTOS DE MADERA, PAPEL Y CARTON;412033;pc_4120
pc_412034;EDICIONES Y PUBLICACIONES;412034;pc_4120
pc_412035;IMPRESION;412035;pc_4120
pc_412036;SERVICIOS RELACIONADOS CON LA EDICION Y LA IMPRESION;412036;pc_4120
pc_412037;REPRODUCCION DE GRABACIONES;412037;pc_4120
pc_412038;ELABORACION DE PRODUCTOS DE HORNO DE COQUE;412038;pc_4120
pc_412039;ELABORACION DE PRODUCTOS DE LA REFINACION DE PETROLEO;412039;pc_4120
pc_412040;ELABORACION DE SUSTANCIAS QUIMICAS BASICAS;412040;pc_4120
pc_412041;ELABORACION DE ABONOS Y COMPUESTOS DE NITROGENO;412041;pc_4120
pc_412042;ELABORACION DE PLASTICO Y CAUCHO SINTETICO;412042;pc_4120
pc_412043;ELABORACION DE PRODUCTOS QUIMICOS DE USO AGROPECUARIO;412043;pc_4120
pc_412044;ELABORACION DE PINTURAS, TINTAS Y MASILLAS;412044;pc_4120
pc_412045;ELABORACION DE PRODUCTOS FARMACEUTICOS Y BOTANICOS;412045;pc_4120
pc_412046;ELABORACION DE JABONES, DETERGENTES Y PREPARADOS DE TOCADOR;412046;pc_4120
pc_412047;ELABORACION DE OTROS PRODUCTOS QUIMICOS;412047;pc_4120
pc_412048;ELABORACION DE FIBRAS;412048;pc_4120
pc_412049;ELABORACION DE OTROS PRODUCTOS DE CAUCHO;412049;pc_4120
pc_412050;ELABORACION DE PRODUCTOS DE PLASTICO;412050;pc_4120
pc_412051;ELABORACION DE VIDRIO Y PRODUCTOS DE VIDRIO;412051;pc_4120
pc_412052;ELABORACION DE PRODUCTOS DE CERAMICA, LOZA, PIEDRA, ARCILLA Y PORCELANA;412052;pc_4120
pc_412053;ELABORACION DE CEMENTO, CAL Y YESO;412053;pc_4120
pc_412054;ELABORACION DE ARTICULOS DE HORMIGON, CEMENTO Y YESO;412054;pc_4120
pc_412055;CORTE, TALLADO Y ACABADO DE LA PIEDRA;412055;pc_4120
pc_412056;ELABORACION DE OTROS PRODUCTOS MINERALES NO METALICOS;412056;pc_4120
pc_412057;INDUSTRIAS BASICAS Y FUNDICION DE HIERRO Y ACERO;412057;pc_4120
pc_412058;PRODUCTOS PRIMARIOS DE METALES PRECIOSOS Y DE METALES NO FERROSOS;412058;pc_4120
pc_412059;FUNDICION DE METALES NO FERROSOS;412059;pc_4120
pc_412060;FABRICACION DE PRODUCTOS METALICOS PARA USO ESTRUCTURAL;412060;pc_4120
pc_412061;FORJA, PRENSADO, ESTAMPADO, LAMINADO DE METAL Y PULVIMETALURGIA;412061;pc_4120
pc_412062;REVESTIMIENTO DE METALES Y OBRAS DE INGENIERIA MECANICA;412062;pc_4120
pc_412063;FABRICACION DE ARTICULOS DE FERRETERIA;412063;pc_4120
pc_412064;ELABORACION DE OTROS PRODUCTOS DE METAL;412064;pc_4120
pc_412065;FABRICACION DE MAQUINARIA Y EQUIPO;412065;pc_4120
pc_412066;FABRICACION DE EQUIPOS DE ELEVACION Y MANIPULACION;412066;pc_4120
pc_412067;ELABORACION DE APARATOS DE USO DOMESTICO;412067;pc_4120
pc_412068;ELABORACION DE EQUIPO DE OFICINA;412068;pc_4120
pc_412069;ELABORACION DE PILAS Y BATERIAS PRIMARIAS;412069;pc_4120
pc_412070;ELABORACION DE EQUIPO DE ILUMINACION;412070;pc_4120
pc_412071;ELABORACION DE OTROS TIPOS DE EQUIPO ELECTRICO;412071;pc_4120
pc_412072;FABRICACION DE EQUIPOS DE RADIO, TELEVISION Y COMUNICACIONES;412072;pc_4120
pc_412073;FABRICACION DE APARATOS E INSTRUMENTOS MEDICOS;412073;pc_4120
pc_412074;FABRICACION DE INSTRUMENTOS DE MEDICION Y CONTROL;412074;pc_4120
pc_412075;FABRICACION DE INSTRUMENTOS DE OPTICA Y EQUIPO FOTOGRAFICO;412075;pc_4120
pc_412076;FABRICACION DE RELOJES;412076;pc_4120
pc_412077;FABRICACION DE VEHICULOS AUTOMOTORES;412077;pc_4120
pc_412078;FABRICACION DE CARROCERIAS PARA AUTOMOTORES;412078;pc_4120
pc_412079;FABRICACION DE PARTES PIEZAS Y ACCESORIOS PARA AUTOMOTORES;412079;pc_4120
pc_412080;FABRICACION Y REPARACION DE BUQUES Y OTRAS EMBARCACIONES;412080;pc_4120
pc_412081;FABRICACION DE LOCOMOTORAS Y MATERIAL RODANTE PARA FERROCARRILES;412081;pc_4120
pc_412082;FABRICACION DE AERONAVES;412082;pc_4120
pc_412083;FABRICACION DE MOTOCICLETAS;412083;pc_4120
pc_412084;FABRICACION DE BICICLETAS Y SILLAS DE RUEDAS;412084;pc_4120
pc_412085;FABRICACION DE OTROS TIPOS DE TRANSPORTE;412085;pc_4120
pc_412086;FABRICACION DE MUEBLES;412086;pc_4120
pc_412087;FABRICACION DE JOYAS Y ARTICULOS CONEXOS;412087;pc_4120
pc_412088;FABRICACION DE INSTRUMENTOS DE MUSICA;412088;pc_4120
pc_412089;FABRICACION DE ARTICULOS Y EQUIPO PARA DEPORTE;412089;pc_4120
pc_412090;FABRICACION DE JUEGOS Y JUGUETES;412090;pc_4120
pc_412091;RECICLAMIENTO DE DESPERDICIOS;412091;pc_4120
pc_412095;PRODUCTOS DE OTRAS INDUSTRIAS MANUFACTURERAS;412095;pc_4120
pc_412099;AJUSTES POR INFLACION;412099;pc_4120
pc_4125;SUMINISTRO DE ELECTRICIDAD, GAS Y AGUA;4125;pc_41
pc_412505;GENERACION, CAPTACION Y DISTRIBUCION DE ENERGIA ELECTRICA;412505;pc_4125
pc_412510;FABRICACION DE GAS Y DISTRIBUCION DE COMBUSTIBLES GASEOSOS;412510;pc_4125
pc_412515;CAPTACION, DEPURACION Y DISTRIBUCION DE AGUA;412515;pc_4125
pc_412595;ACTIVIDADES CONEXAS;412595;pc_4125
pc_412599;AJUSTES POR INFLACION;412599;pc_4125
pc_4130;CONSTRUCCION;4130;pc_41
pc_413005;PREPARACION DE TERRENOS;413005;pc_4130
pc_413010;CONSTRUCCION DE EDIFICIOS Y OBRAS DE INGENIERIA CIVIL;413010;pc_4130
pc_413015;ACONDICIONAMIENTO DE EDIFICIOS;413015;pc_4130
pc_413020;TERMINACION DE EDIFICACIONES;413020;pc_4130
pc_413025;ALQUILER DE EQUIPO CON OPERARIOS;413025;pc_4130
pc_413095;ACTIVIDADES CONEXAS;413095;pc_4130
pc_413099;AJUSTES POR INFLACION;413099;pc_4130
pc_4135;COMERCIO AL POR MAYOR Y AL POR MENOR;4135;pc_41
pc_413502;VENTA DE VEHICULOS AUTOMOTORES;413502;pc_4135
pc_413504;MANTENIMIENTO, REPARACION Y LAVADO DE VEHICULOS AUTOMOTORES;413504;pc_4135
pc_413506;VENTA DE PARTES, PIEZAS Y ACCESORIOS DE VEHICULOS AUTOMOTORES;413506;pc_4135
pc_413508;VENTA DE COMBUSTIBLES SOLIDOS, LIQUIDOS, GASEOSOS;413508;pc_4135
pc_413510;VENTA DE LUBRICANTES, ADITIVOS, LLANTAS Y LUJOS PARA AUTOMOTORES;413510;pc_4135
pc_413512;VENTA A CAMBIO DE RETRIBUCION O POR CONTRATA;413512;pc_4135
pc_413514;VENTA DE INSUMOS, MATERIAS PRIMAS AGROPECUARIAS Y FLORES;413514;pc_4135
pc_413516;VENTA DE OTROS INSUMOS Y MATERIAS PRIMAS NO AGROPECUARIAS;413516;pc_4135
pc_413518;VENTA DE ANIMALES VIVOS Y CUEROS;413518;pc_4135
pc_413520;VENTA DE PRODUCTOS EN ALMACENES NO ESPECIALIZADOS;413520;pc_4135
pc_413522;VENTA DE PRODUCTOS AGROPECUARIOS;413522;pc_4135
pc_413524;VENTA DE PRODUCTOS TEXTILES, DE VESTIR, DE CUERO Y CALZADO;413524;pc_4135
pc_413526;VENTA DE PAPEL Y CARTON;413526;pc_4135
pc_413528;VENTA DE LIBROS, REVISTAS, ELEMENTOS DE PAPELERIA, UTILES Y TEXTOS ESCOLARES;413528;pc_4135
pc_413530;VENTA DE JUEGOS, JUGUETES Y ARTICULOS DEPORTIVOS;413530;pc_4135
pc_413532;VENTA DE INSTRUMENTOS QUIRURGICOS Y ORTOPEDICOS;413532;pc_4135
pc_413534;VENTA DE ARTICULOS EN RELOJERIAS Y JOYERIAS;413534;pc_4135
pc_413536;VENTA DE ELECTRODOMESTICOS Y MUEBLES;413536;pc_4135
pc_413538;VENTA DE PRODUCTOS DE ASEO, FARMACEUTICOS, MEDICINALES, Y ARTICULOS DE TOCADOR;413538;pc_4135
pc_413540;VENTA DE CUBIERTOS, VAJILLAS, CRISTALERIA, PORCELANAS, CERAMICAS Y OTROS ARTICULOS DE USO DOMESTICO;413540;pc_4135
pc_413542;VENTA DE MATERIALES DE CONSTRUCCION, FONTANERIA Y CALEFACCION;413542;pc_4135
pc_413544;VENTA DE PINTURAS Y LACAS;413544;pc_4135
pc_413546;VENTA DE PRODUCTOS DE VIDRIOS Y MARQUETERIA;413546;pc_4135
pc_413548;VENTA DE HERRAMIENTAS Y ARTICULOS DE FERRETERIA;413548;pc_4135
pc_413550;VENTA DE QUIMICOS;413550;pc_4135
pc_413552;VENTA DE PRODUCTOS INTERMEDIOS, DESPERDICIOS Y DESECHOS;413552;pc_4135
pc_413554;VENTA DE MAQUINARIA, EQUIPO DE OFICINA Y PROGRAMAS DE COMPUTADOR;413554;pc_4135
pc_413556;VENTA DE ARTICULOS EN CACHARRERIAS Y MISCELANEAS;413556;pc_4135
pc_413558;VENTA DE INSTRUMENTOS MUSICALES;413558;pc_4135
pc_413560;VENTA DE ARTICULOS EN CASAS DE EMPEÑO Y PRENDERIAS;413560;pc_4135
pc_413562;VENTA DE EQUIPO FOTOGRAFICO;413562;pc_4135
pc_413564;VENTA DE EQUIPO OPTICO Y DE PRECISION;413564;pc_4135
pc_413566;VENTA DE EMPAQUES;413566;pc_4135
pc_413568;VENTA DE EQUIPO PROFESIONAL Y CIENTIFICO;413568;pc_4135
pc_413570;VENTA DE LOTERIAS, RIFAS, CHANCE, APUESTAS Y SIMILARES;413570;pc_4135
pc_413572;REPARACION DE EFECTOS PERSONALES Y ELECTRODOMESTICOS;413572;pc_4135
pc_413595;VENTA DE OTROS PRODUCTOS;413595;pc_4135
pc_413599;AJUSTES POR INFLACION;413599;pc_4135
pc_4140;HOTELES Y RESTAURANTES;4140;pc_41
pc_414005;HOTELERIA;414005;pc_4140
pc_414010;CAMPAMENTO Y OTROS TIPOS DE HOSPEDAJE;414010;pc_4140
pc_414015;RESTAURANTES;414015;pc_4140
pc_414020;BARES Y CANTINAS;414020;pc_4140
pc_414095;ACTIVIDADES CONEXAS;414095;pc_4140
pc_414099;AJUSTES POR INFLACION;414099;pc_4140
pc_4145;TRANSPORTE, ALMACENAMIENTO Y COMUNICACIONES;4145;pc_41
pc_414505;SERVICIO DE TRANSPORTE POR CARRETERA;414505;pc_4145
pc_414510;SERVICIO DE TRANSPORTE POR VIA FERREA;414510;pc_4145
pc_414515;SERVICIO DE TRANSPORTE POR VIA ACUATICA;414515;pc_4145
pc_414520;SERVICIO DE TRANSPORTE POR VIA AEREA;414520;pc_4145
pc_414525;SERVICIO DE TRANSPORTE POR TUBERIAS;414525;pc_4145
pc_414530;MANIPULACION DE CARGA;414530;pc_4145
pc_414535;ALMACENAMIENTO Y DEPOSITO;414535;pc_4145
pc_414540;SERVICIOS COMPLEMENTARIOS PARA EL TRANSPORTE;414540;pc_4145
pc_414545;AGENCIAS DE VIAJE;414545;pc_4145
pc_414550;OTRAS AGENCIAS DE TRANSPORTE;414550;pc_4145
pc_414555;SERVICIO POSTAL Y DE CORREO;414555;pc_4145
pc_414560;SERVICIO TELEFONICO;414560;pc_4145
pc_414565;SERVICIO DE TELEGRAFO;414565;pc_4145
pc_414570;SERVICIO DE TRANSMISION DE DATOS;414570;pc_4145
pc_414575;SERVICIO DE RADIO Y TELEVISION POR CABLE;414575;pc_4145
pc_414580;TRANSMISION DE SONIDO E IMAGENES POR CONTRATO;414580;pc_4145
pc_414595;ACTIVIDADES CONEXAS;414595;pc_4145
pc_414599;AJUSTES POR INFLACION;414599;pc_4145
pc_4150;ACTIVIDAD FINANCIERA;4150;pc_41
pc_415005;VENTA DE INVERSIONES;415005;pc_4150
pc_415010;DIVIDENDOS DE SOCIEDADES ANONIMAS Y/O ASIMILADAS;415010;pc_4150
pc_415015;PARTICIPACIONES DE SOCIEDADES LIMITADAS Y/O ASIMILADAS;415015;pc_4150
pc_415020;INTERESES;415020;pc_4150
pc_415025;REAJUSTE MONETARIO - UPAC;415025;pc_4150
pc_415030;COMISIONES;415030;pc_4150
pc_415035;OPERACIONES DE DESCUENTO;415035;pc_4150
pc_415040;CUOTAS DE INSCRIPCION - CONSORCIOS;415040;pc_4150
pc_415045;CUOTAS DE ADMINISTRACION - CONSORCIOS;415045;pc_4150
pc_415050;REAJUSTE DEL SISTEMA - CONSORCIOS;415050;pc_4150
pc_415055;ELIMINACION DE SUSCRIPTORES - CONSORCIOS;415055;pc_4150
pc_415060;CUOTAS DE INGRESO O RETIRO - SOCIEDAD ADMINISTRADORA;415060;pc_4150
pc_415065;SERVICIOS A COMISIONISTAS;415065;pc_4150
pc_415070;INSCRIPCIONES Y CUOTAS;415070;pc_4150
pc_415075;RECUPERACION DE GARANTIAS;415075;pc_4150
pc_415095;ACTIVIDADES CONEXAS;415095;pc_4150
pc_415099;AJUSTES POR INFLACION;415099;pc_4150
pc_4155;ACTIVIDADES INMOBILIARIAS, EMPRESARIALES Y DE ALQUILER;4155;pc_41
pc_415505;ARRENDAMIENTOS DE BIENES INMUEBLES;415505;pc_4155
pc_415510;INMOBILIARIAS POR RETRIBUCION O CONTRATA;415510;pc_4155
pc_415515;ALQUILER EQUIPO DE TRANSPORTE;415515;pc_4155
pc_415520;ALQUILER MAQUINARIA Y EQUIPO;415520;pc_4155
pc_415525;ALQUILER DE EFECTOS PERSONALES Y ENSERES DOMESTICOS;415525;pc_4155
pc_415530;CONSULTORIA EN EQUIPO Y PROGRAMAS DE INFORMATICA;415530;pc_4155
pc_415535;PROCESAMIENTO DE DATOS;415535;pc_4155
pc_415540;MANTENIMIENTO Y REPARACION DE MAQUINARIA DE OFICINA;415540;pc_4155
pc_415545;INVESTIGACIONES CIENTIFICAS Y DE DESARROLLO;415545;pc_4155
pc_415550;ACTIVIDADES EMPRESARIALES DE CONSULTORIA;415550;pc_4155
pc_415555;PUBLICIDAD;415555;pc_4155
pc_415560;DOTACION DE PERSONAL;415560;pc_4155
pc_415565;INVESTIGACION Y SEGURIDAD;415565;pc_4155
pc_415570;LIMPIEZA DE INMUEBLES;415570;pc_4155
pc_415575;FOTOGRAFIA;415575;pc_4155
pc_415580;ENVASE Y EMPAQUE;415580;pc_4155
pc_415585;FOTOCOPIADO;415585;pc_4155
pc_415590;MANTENIMIENTO Y REPARACION DE MAQUINARIA Y EQUIPO;415590;pc_4155
pc_415595;ACTIVIDADES CONEXAS;415595;pc_4155
pc_415599;AJUSTES POR INFLACION;415599;pc_4155
pc_4160;ENSEÑANZA;4160;pc_41
pc_416005;ACTIVIDADES RELACIONADAS CON LA EDUCACION;416005;pc_4160
pc_416095;ACTIVIDADES CONEXAS;416095;pc_4160
pc_416099;AJUSTES POR INFLACION;416099;pc_4160
pc_4165;SERVICIOS SOCIALES Y DE SALUD;4165;pc_41
pc_416505;SERVICIO HOSPITALARIO;416505;pc_4165
pc_416510;SERVICIO MEDICO;416510;pc_4165
pc_416515;SERVICIO ODONTOLOGICO;416515;pc_4165
pc_416520;SERVICIO DE LABORATORIO;416520;pc_4165
pc_416525;ACTIVIDADES VETERINARIAS;416525;pc_4165
pc_416530;ACTIVIDADES DE SERVICIOS SOCIALES;416530;pc_4165
pc_416595;ACTIVIDADES CONEXAS;416595;pc_4165
pc_416599;AJUSTES POR INFLACION;416599;pc_4165
pc_4170;OTRAS ACTIVIDADES DE SERVICIOS COMUNITARIOS, SOCIALES Y PERSONALES;4170;pc_41
pc_417005;ELIMINACION DE DESPERDICIOS Y AGUAS RESIDUALES;417005;pc_4170
pc_417010;ACTIVIDADES DE ASOCIACION;417010;pc_4170
pc_417015;PRODUCCION Y DISTRIBUCION DE FILMES Y VIDEOCINTAS;417015;pc_4170
pc_417020;EXHIBICION DE FILMES Y VIDEOCINTAS;417020;pc_4170
pc_417025;ACTIVIDAD DE RADIO Y TELEVISION;417025;pc_4170
pc_417030;ACTIVIDAD TEATRAL, MUSICAL Y ARTISTICA;417030;pc_4170
pc_417035;GRABACION Y PRODUCCION DE DISCOS;417035;pc_4170
pc_417040;ENTRETENIMIENTO Y ESPARCIMIENTO;417040;pc_4170
pc_417045;AGENCIAS DE NOTICIAS;417045;pc_4170
pc_417050;LAVANDERIAS Y SIMILARES;417050;pc_4170
pc_417055;PELUQUERIAS Y SIMILARES;417055;pc_4170
pc_417060;SERVICIOS FUNERARIOS;417060;pc_4170
pc_417065;ZONAS FRANCAS;417065;pc_4170
pc_417095;ACTIVIDADES CONEXAS;417095;pc_4170
pc_417099;AJUSTES POR INFLACION;417099;pc_4170
pc_4175;DEVOLUCIONES, REBAJAS Y DESCUENTOS EN VENTAS (DB);4175;pc_41
pc_417599;AJUSTES POR INFLACION;417599;pc_4175
pc_4205;OTRAS VENTAS;4205;pc_42
pc_420505;MATERIA PRIMA;420505;pc_4205
pc_420510;MATERIAL DE DESECHO;420510;pc_4205
pc_420515;MATERIALES VARIOS;420515;pc_4205
pc_420520;PRODUCTOS DE DIVERSIFICACION;420520;pc_4205
pc_420525;EXCEDENTES DE EXPORTACION;420525;pc_4205
pc_420530;ENVASES Y EMPAQUES;420530;pc_4205
pc_420535;PRODUCTOS AGRICOLAS;420535;pc_4205
pc_420540;DE PROPAGANDA;420540;pc_4205
pc_420545;PRODUCTOS EN REMATE;420545;pc_4205
pc_420550;COMBUSTIBLES Y LUBRICANTES;420550;pc_4205
pc_420599;AJUSTES POR INFLACION;420599;pc_4205
pc_4210;FINANCIEROS;4210;pc_42
pc_421005;INTERESES;421005;pc_4210
pc_421010;REAJUSTE MONETARIO - UPAC;421010;pc_4210
pc_421015;DESCUENTOS AMORTIZADOS;421015;pc_4210
pc_421020;DIFERENCIA EN CAMBIO;421020;pc_4210
pc_421025;FINANCIACION VEHICULOS;421025;pc_4210
pc_421030;FINANCIACION SISTEMAS DE VIAJES;421030;pc_4210
pc_421035;ACEPTACIONES BANCARIAS;421035;pc_4210
pc_421040;DESCUENTOS COMERCIALES CONDICIONADOS;421040;pc_4210
pc_421045;DESCUENTOS BANCARIOS;421045;pc_4210
pc_421050;COMISIONES CHEQUES DE OTRAS PLAZAS;421050;pc_4210
pc_421055;MULTAS Y RECARGOS;421055;pc_4210
pc_421060;SANCIONES CHEQUES DEVUELTOS;421060;pc_4210
pc_421095;OTROS;421095;pc_4210
pc_421099;AJUSTES POR INFLACION;421099;pc_4210
pc_4215;DIVIDENDOS Y PARTICIPACIONES;4215;pc_42
pc_421505;DE SOCIEDADES ANONIMAS Y/O ASIMILADAS;421505;pc_4215
pc_421510;DE SOCIEDADES LIMITADAS Y/O ASIMILADAS;421510;pc_4215
pc_421599;AJUSTES POR INFLACION;421599;pc_4215
pc_4220;ARRENDAMIENTOS;4220;pc_42
pc_422005;TERRENOS;422005;pc_4220
pc_422010;CONSTRUCCIONES Y EDIFICIOS;422010;pc_4220
pc_422015;MAQUINARIA Y EQUIPO;422015;pc_4220
pc_422020;EQUIPO DE OFICINA;422020;pc_4220
pc_422025;EQUIPO DE COMPUTACION Y COMUNICACION;422025;pc_4220
pc_422030;EQUIPO MEDICO - CIENTIFICO;422030;pc_4220
pc_422035;EQUIPO DE HOTELES Y RESTAURANTES;422035;pc_4220
pc_422040;FLOTA Y EQUIPO DE TRANSPORTE;422040;pc_4220
pc_422045;FLOTA Y EQUIPO FLUVIAL Y/O MARITIMO;422045;pc_4220
pc_422050;FLOTA Y EQUIPO AEREO;422050;pc_4220
pc_422055;FLOTA Y EQUIPO FERREO;422055;pc_4220
pc_422060;ACUEDUCTOS PLANTAS Y REDES;422060;pc_4220
pc_422062;ENVASES Y EMPAQUES;422062;pc_4220
pc_422065;PLANTACIONES AGRICOLAS  Y FORESTALES;422065;pc_4220
pc_422070;AERODROMOS;422070;pc_4220
pc_422075;SEMOVIENTES;422075;pc_4220
pc_422099;AJUSTES POR INFLACION;422099;pc_4220
pc_4225;COMISIONES;4225;pc_42
pc_422505;SOBRE INVERSIONES;422505;pc_4225
pc_422510;DE CONCESIONARIOS;422510;pc_4225
pc_422515;DE ACTIVIDADES FINANCIERAS;422515;pc_4225
pc_422520;POR VENTA DE SERVICIOS DE TALLER;422520;pc_4225
pc_422525;POR VENTA DE SEGUROS;422525;pc_4225
pc_422530;POR INGRESOS PARA TERCEROS;422530;pc_4225
pc_422535;POR DISTRIBUCION DE PELICULAS;422535;pc_4225
pc_422540;DERECHOS DE AUTOR;422540;pc_4225
pc_422545;DERECHOS DE PROGRAMACION;422545;pc_4225
pc_422599;AJUSTES POR INFLACION;422599;pc_4225
pc_4230;HONORARIOS;4230;pc_42
pc_423005;ASESORIAS;423005;pc_4230
pc_423010;ASISTENCIA TECNICA;423010;pc_4230
pc_423015;ADMINISTRACION DE VINCULADAS;423015;pc_4230
pc_423099;AJUSTES POR INFLACION;423099;pc_4230
pc_4235;SERVICIOS;4235;pc_42
pc_423505;DE BASCULA;423505;pc_4235
pc_423510;DE TRANSPORTE;423510;pc_4235
pc_423515;DE PRENSA;423515;pc_4235
pc_423520;ADMINISTRATIVOS;423520;pc_4235
pc_423525;TECNICOS;423525;pc_4235
pc_423530;DE COMPUTACION;423530;pc_4235
pc_423535;DE TELEFAX;423535;pc_4235
pc_423540;TALLER DE VEHICULOS;423540;pc_4235
pc_423545;DE RECEPCION DE AERONAVES;423545;pc_4235
pc_423550;DE TRANSPORTE PROGRAMA GAS NATURAL;423550;pc_4235
pc_423555;POR CONTRATOS;423555;pc_4235
pc_423560;DE TRILLLA;423560;pc_4235
pc_423565;DE MANTENIMIENTO;423565;pc_4235
pc_423570;AL PERSONAL;423570;pc_4235
pc_423575;DE CASINO;423575;pc_4235
pc_423580;FLETES;423580;pc_4235
pc_423585;ENTRE COMPAÑIAS;423585;pc_4235
pc_423595;OTROS;423595;pc_4235
pc_423599;AJUSTES POR INFLACION;423599;pc_4235
pc_4240;UTILIDAD EN VENTA DE INVERSIONES;4240;pc_42
pc_424005;ACCIONES;424005;pc_4240
pc_424010;CUOTAS O PARTES DE INTERES SOCIAL;424010;pc_4240
pc_424015;BONOS;424015;pc_4240
pc_424020;CEDULAS;424020;pc_4240
pc_424025;CERTIFICADOS;424025;pc_4240
pc_424030;PAPELES COMERCIALES;424030;pc_4240
pc_424035;TITULOS;424035;pc_4240
pc_424045;DERECHOS FIDUCIARIOS;424045;pc_4240
pc_424050;OBLIGATORIAS;424050;pc_4240
pc_424095;OTRAS;424095;pc_4240
pc_424099;AJUSTES POR INFLACION;424099;pc_4240
pc_4245;UTILIDAD EN VENTA DE PROPIEDADES PLANTA Y EQUIPO;4245;pc_42
pc_424504;TERRENOS;424504;pc_4245
pc_424506;MATERIALES INDUSTRIA PETROLERA;424506;pc_4245
pc_424508;CONSTRUCCIONES EN CURSO;424508;pc_4245
pc_424512;MAQUINARIA EN MONTAJE;424512;pc_4245
pc_424516;CONSTRUCCIONES Y EDIFICACIONES;424516;pc_4245
pc_424520;MAQUINARIA Y EQUIPO;424520;pc_4245
pc_424524;EQUIPO DE OFICINA;424524;pc_4245
pc_424528;EQUIPO DE COMPUTACION Y COMUNICACION;424528;pc_4245
pc_424532;EQUIPO MEDICO - CIENTIFICO;424532;pc_4245
pc_424536;EQUIPO DE HOTELES Y RESTAURANTES;424536;pc_4245
pc_424540;FLOTA Y EQUIPO DE TRANSPORTE;424540;pc_4245
pc_424544;FLOTA Y EQUIPO FLUVIAL Y/O MARITIMO;424544;pc_4245
pc_424548;FLOTA Y EQUIPO AEREO;424548;pc_4245
pc_424552;FLOTA Y EQUIPO FERREO;424552;pc_4245
pc_424556;ACUEDUCTOS PLANTAS Y REDES;424556;pc_4245
pc_424560;ARMAMENTO DE VIGILANCIA;424560;pc_4245
pc_424562;ENVASES Y EMPAQUES;424562;pc_4245
pc_424564;PLANTACIONES AGRICOLAS  Y FORESTALES;424564;pc_4245
pc_424568;VIAS DE COMUNICACION;424568;pc_4245
pc_424572;MINAS Y CANTERAS;424572;pc_4245
pc_424580;POZOS ARTESIANOS;424580;pc_4245
pc_424584;YACIMIENTOS;424584;pc_4245
pc_424588;SEMOVIENTES;424588;pc_4245
pc_424599;AJUSTES POR INFLACION;424599;pc_4245
pc_4248;UTILIDAD EN VENTA DE OTROS BIENES;4248;pc_42
pc_424805;INTANGIBLES;424805;pc_4248
pc_424810;OTROS ACTIVOS;424810;pc_4248
pc_424899;AJUSTES POR INFLACION;424899;pc_4248
pc_4250;RECUPERACIONES;4250;pc_42
pc_425005;DEUDAS MALAS;425005;pc_4250
pc_425010;SEGUROS;425010;pc_4250
pc_425015;RECLAMOS;425015;pc_4250
pc_425020;REINTEGRO POR PERSONAL EN COMISION;425020;pc_4250
pc_425025;REINTEGRO GARANTIAS;425025;pc_4250
pc_425030;DESCUENTOS CONCEDIDOS;425030;pc_4250
pc_425035;REINTEGRO PROVISIONES;425035;pc_4250
pc_425040;GASTOS BANCARIOS;425040;pc_4250
pc_425045;DE DEPRECIACION;425045;pc_4250
pc_425050;REINTEGRO DE OTROS COSTOS Y GASTOS;425050;pc_4250
pc_425099;AJUSTES POR INFLACION;425099;pc_4250
pc_4255;INDEMNIZACIONES;4255;pc_42
pc_425505;POR SINIESTRO;425505;pc_4255
pc_425510;POR SUMINISTROS;425510;pc_4255
pc_425515;LUCRO CESANTE COMPAÑIAS DE SEGUROS;425515;pc_4255
pc_425520;DAÑO EMERGENTE COMPAÑIAS DE SEGUROS;425520;pc_4255
pc_425525;POR PERDIDA DE MERCANCIA;425525;pc_4255
pc_425530;POR INCUMPLIMIENTO DE CONTRATOS;425530;pc_4255
pc_425535;DE TERCEROS;425535;pc_4255
pc_425540;POR INCAPACIDADES I.S.S.;425540;pc_4255
pc_425595;OTRAS;425595;pc_4255
pc_425599;AJUSTES POR INFLACION;425599;pc_4255
pc_4260;PARTICIPACIONES EN CONCESIONES;4260;pc_42
pc_426099;AJUSTES POR INFLACION;426099;pc_4260
pc_4265;INGRESOS DE EJERCICIOS ANTERIORES;4265;pc_42
pc_426599;AJUSTES POR INFLACION;426599;pc_4265
pc_4275;DEVOLUCIONES, REBAJAS Y DESCUENTOS EN OTRAS VENTAS (DB);4275;pc_42
pc_427599;AJUSTES POR INFLACION;427599;pc_4275
pc_4295;DIVERSOS;4295;pc_42
pc_429503;CERT;429503;pc_4295
pc_429505;APROVECHAMIENTOS;429505;pc_4295
pc_429507;AUXILIOS;429507;pc_4295
pc_429509;DONACIONES;429509;pc_4295
pc_429511;INGRESOS POR INVESTIGACION Y DESARROLLO;429511;pc_4295
pc_429513;POR TRABAJOS EJECUTADOS;429513;pc_4295
pc_429515;REGALIAS;429515;pc_4295
pc_429517;DERIVADOS DE LAS EXPORTACIONES;429517;pc_4295
pc_429519;OTROS INGRESOS DE EXPLOTACION;429519;pc_4295
pc_429521;DE LA ACTIVIDAD GANADERA;429521;pc_4295
pc_429525;DERECHOS Y LICITACIONES;429525;pc_4295
pc_429530;INGRESOS POR ELEMENTOS PERDIDOS;429530;pc_4295
pc_429533;MULTAS Y RECARGOS;429533;pc_4295
pc_429535;PREAVISOS DESCONTADOS;429535;pc_4295
pc_429537;RECLAMOS;429537;pc_4295
pc_429540;RECOBRO DE DAÑOS;429540;pc_4295
pc_429543;PREMIOS;429543;pc_4295
pc_429545;BONIFICACIONES;429545;pc_4295
pc_429547;PRODUCTOS DESCONTADOS;429547;pc_4295
pc_429549;RECONOCIMIENTOS I.S.S.;429549;pc_4295
pc_429551;EXCEDENTES;429551;pc_4295
pc_429553;SOBRANTES DE CAJA MENOR;429553;pc_4295
pc_429555;SOBRANTES EN LIQUIDACION FLETES;429555;pc_4295
pc_429557;SUBSIDIOS ESTATALES;429557;pc_4295
pc_429559;CAPACITACION DISTRIBUIDORES;429559;pc_4295
pc_429561;DE ESCRITURACION;429561;pc_4295
pc_429563;REGISTRO PROMESAS DE VENTA;429563;pc_4295
pc_429567;UTILES, PAPELERIA Y FOTOCOPIAS;429567;pc_4295
pc_429571;RESULTADOS MATRICULAS Y TRASPASOS;429571;pc_4295
pc_429573;DECORACIONES;429573;pc_4295
pc_429575;MANEJO DE CARGA;429575;pc_4295
pc_429579;HISTORIA CLINICA;429579;pc_4295
pc_429581;AJUSTE AL PESO;429581;pc_4295
pc_429583;LLAMADAS TELEFONICAS;429583;pc_4295
pc_429599;AJUSTES POR INFLACION;429599;pc_4295
pc_47;AJUSTES POR INFLACION;47;pc_4
pc_4705;CORRECCION MONETARIA;4705;pc_47
pc_470505;INVERSIONES (CR);470505;pc_4705
pc_470510;INVENTARIOS (CR);470510;pc_4705
pc_470515;PROPIEDADES, PLANTA Y EQUIPO (CR);470515;pc_4705
pc_470520;INTANGIBLES (CR);470520;pc_4705
pc_470525;ACTIVOS DIFERIDOS;470525;pc_4705
pc_470530;OTROS ACTIVOS (CR);470530;pc_4705
pc_470535;PASIVOS SUJETOS DE AJUSTE;470535;pc_4705
pc_470540;PATRIMONIO;470540;pc_4705
pc_470545;DEPRECIACION ACUMULADA (DB);470545;pc_4705
pc_470550;DEPRECIACION DIFERIDA (CR);470550;pc_4705
pc_470555;AGOTAMIENTO ACUMULADO (DB);470555;pc_4705
pc_470560;AMORTIZACION ACUMULADA (DB);470560;pc_4705
pc_470565;INGRESOS OPERACIONALES (DB);470565;pc_4705
pc_470570;INGRESOS NO OPERACIONALES (DB);470570;pc_4705
pc_470575;GASTOS OPERACIONALES DE ADMINISTRACION (CR);470575;pc_4705
pc_470580;GASTOS OPERACIONALES DE VENTAS (CR);470580;pc_4705
pc_470585;GASTOS NO OPERACIONALES (CR);470585;pc_4705
pc_470590;COMPRAS (CR);470590;pc_4705
pc_470592;COSTO DE VENTAS (CR);470592;pc_4705
pc_470594;COSTOS DE PRODUCCION O DE OPERACION (DB);470594;pc_4705
pc_510569;APORTES AL I.S.S;510569;pc_5105
pc_510599;AJUSTES POR INFLACION;510599;pc_5105
pc_511099;AJUSTES POR INFLACION;511099;pc_5110
pc_511599;AJUSTES POR INFLACION;511599;pc_5115
pc_512045;FLOTA Y EQUIPO FLUVIAL Y/O MARITIMO;512045;pc_5120
pc_512050;FLOTA Y EQUIPO AEREO;512050;pc_5120
pc_512055;FLOTA Y EQUIPO FERREO;512055;pc_5120
pc_512060;ACUEDUCTOS PLANTAS Y REDES;512060;pc_5120
pc_512065;AERODROMOS;512065;pc_5120
pc_512070;SEMOVIENTES;512070;pc_5120
pc_512095;OTROS;512095;pc_5120
pc_512099;AJUSTES POR INFLACION;512099;pc_5120
pc_512599;AJUSTES POR INFLACION;512599;pc_5125
pc_513040;FLOTA Y EQUIPO DE TRANSPORTE;513040;pc_5130
pc_513045;FLOTA Y EQUIPO FLUVIAL Y/O MARITIMO;513045;pc_5130
pc_513050;FLOTA Y EQUIPO AEREO;513050;pc_5130
pc_513055;FLOTA Y EQUIPO FERREO;513055;pc_5130
pc_513095;OTROS;513095;pc_5130
pc_513099;AJUSTES POR INFLACION;513099;pc_5130
pc_513540;CORREO, PORTES Y TELEGRAMAS;513540;pc_5135
pc_513550;TRANSPORTE, FLETES Y ACARREOS;513550;pc_5135
pc_513599;AJUSTES POR INFLACION;513599;pc_5135
pc_514099;AJUSTES POR INFLACION;514099;pc_5140
pc_514540;FLOTA Y EQUIPO DE TRANSPORTE;514540;pc_5145
pc_514545;FLOTA Y EQUIPO FLUVIAL Y/O MARITIMO;514545;pc_5145
pc_514550;FLOTA Y EQUIPO AEREO;514550;pc_5145
pc_514555;FLOTA Y EQUIPO FERREO;514555;pc_5145
pc_514560;ACUEDUCTOS PLANTAS Y REDES;514560;pc_5145
pc_514565;ARMAMENTO DE VIGILANCIA;514565;pc_5145
pc_514570;VIAS DE COMUNICACION;514570;pc_5145
pc_514599;AJUSTES POR INFLACION;514599;pc_5145
pc_515099;AJUSTES POR INFLACION;515099;pc_5150
pc_515510;PASAJES FLUVIALES Y/O MARITIMOS;515510;pc_5155
pc_515525;PASAJES FERREOS;515525;pc_5155
pc_515599;AJUSTES POR INFLACION;515599;pc_5155
pc_516040;FLOTA Y EQUIPO FLUVIAL Y/O MARITIMO;516040;pc_5160
pc_516045;FLOTA Y EQUIPO AEREO;516045;pc_5160
pc_516050;FLOTA Y EQUIPO FERREO;516050;pc_5160
pc_516055;ACUEDUCTOS, PLANTAS Y REDES;516055;pc_5160
pc_516060;ARMAMENTO DE VIGILANCIA;516060;pc_5160
pc_516099;AJUSTES POR INFLACION;516099;pc_5160
pc_516599;AJUSTES POR INFLACION;516599;pc_5165
pc_519510;LIBROS, SUSCRIPCIONES, PERIODICOS Y REVISTAS;519510;pc_5195
pc_519530;UTILES, PAPELERIA Y FOTOCOPIAS;519530;pc_5195
pc_519575;POLVORA Y SIMILARES;519575;pc_5195
pc_519599;AJUSTES POR INFLACION;519599;pc_5195
pc_519915;PROPIEDADES, PLANTA Y EQUIPO;519915;pc_5199
pc_519999;AJUSTES POR INFLACION;519999;pc_5199
pc_520569;APORTES AL I.S.S;520569;pc_5205
pc_520599;AJUSTES POR INFLACION;520599;pc_5205
pc_521099;AJUSTES POR INFLACION;521099;pc_5210
pc_521599;AJUSTES POR INFLACION;521599;pc_5215
pc_522030;EQUIPO MEDICO - CIENTIFICO;522030;pc_5220
pc_522045;FLOTA Y EQUIPO FLUVIAL Y/O MARITIMO;522045;pc_5220
pc_522050;FLOTA Y EQUIPO AEREO;522050;pc_5220
pc_522055;FLOTA Y EQUIPO FERREO;522055;pc_5220
pc_522060;ACUEDUCTOS PLANTAS Y REDES;522060;pc_5220
pc_522065;AERODROMOS;522065;pc_5220
pc_522070;SEMOVIENTES;522070;pc_5220
pc_522099;AJUSTES POR INFLACION;522099;pc_5220
pc_522599;AJUSTES POR INFLACION;522599;pc_5225
pc_523040;FLOTA Y EQUIPO DE TRANSPORTE;523040;pc_5230
pc_523045;FLOTA Y EQUIPO FLUVIAL Y/O MARITIMO;523045;pc_5230
pc_523050;FLOTA Y EQUIPO AEREO;523050;pc_5230
pc_523055;FLOTA Y EQUIPO FERREO;523055;pc_5230
pc_523099;AJUSTES POR INFLACION;523099;pc_5230
pc_523540;CORREO, PORTES Y TELEGRAMAS;523540;pc_5235
pc_523550;TRANSPORTE, FLETES Y ACARREOS;523550;pc_5235
pc_523560;PROPAGANDA Y PUBLICIDAD;523560;pc_5235
pc_523599;AJUSTES POR INFLACION;523599;pc_5235
pc_524099;AJUSTES POR INFLACION;524099;pc_5240
pc_524530;EQUIPO MEDICO - CIENTIFICO;524530;pc_5245
pc_524535;EQUIPO DE HOTELES Y RESTAURANTES;524535;pc_5245
pc_524545;FLOTA Y EQUIPO FLUVIAL Y/O MARITIMO;524545;pc_5245
pc_524550;FLOTA Y EQUIPO AEREO;524550;pc_5245
pc_524555;FLOTA Y EQUIPO FERREO;524555;pc_5245
pc_524560;ACUEDUCTOS PLANTAS Y REDES;524560;pc_5245
pc_524565;ARMAMENTO DE VIGILANCIA;524565;pc_5245
pc_524570;VIAS DE COMUNICACION;524570;pc_5245
pc_524599;AJUSTES POR INFLACION;524599;pc_5245
pc_525099;AJUSTES POR INFLACION;525099;pc_5250
pc_525525;PASAJES FERREOS;525525;pc_5255
pc_525599;AJUSTES POR INFLACION;525599;pc_5255
pc_526025;EQUIPO MEDICO - CIENTIFICO;526025;pc_5260
pc_526030;EQUIPO DE HOTELES Y RESTAURANTES;526030;pc_5260
pc_526035;FLOTA Y EQUIPO DE TRANSPORTE;526035;pc_5260
pc_526040;FLOTA Y EQUIPO FLUVIAL Y/O MARITIMO;526040;pc_5260
pc_526045;FLOTA Y EQUIPO AEREO;526045;pc_5260
pc_526050;FLOTA Y EQUIPO FERREO;526050;pc_5260
pc_526055;ACUEDUCTOS, PLANTAS Y REDES;526055;pc_5260
pc_526060;ARMAMENTO DE VIGILANCIA;526060;pc_5260
pc_526065;ENVASES Y EMPAQUES;526065;pc_5260
pc_526099;AJUSTES POR INFLACION;526099;pc_5260
pc_526505;VIAS DE COMUNICACION;526505;pc_5265
pc_526510;INTANGIBLES;526510;pc_5265
pc_526515;CARGOS DIFERIDOS;526515;pc_5265
pc_526595;OTRAS;526595;pc_5265
pc_526599;AJUSTES POR INFLACION;526599;pc_5265
pc_527001;a 527098;527001;pc_5270
pc_527099;AJUSTES POR INFLACION;527099;pc_5270
pc_529510;LIBROS, SUSCRIPCIONES, PERIODICOS Y REVISTAS;529510;pc_5295
pc_529530;UTILES, PAPELERIA Y FOTOCOPIAS;529530;pc_5295
pc_529599;AJUSTES POR INFLACION;529599;pc_5295
pc_529920;PROPIEDADES, PLANTA Y EQUIPO;529920;pc_5299
pc_529999;AJUSTES POR INFLACION;529999;pc_5299
pc_530599;AJUSTES POR INFLACION;530599;pc_5305
pc_531015;VENTA DE PROPIEDADES PLANTA Y EQUIPO;531015;pc_5310
pc_531030;RETIRO DE PROPIEDADES PLANTA Y EQUIPO;531030;pc_5310
pc_531095;OTROS;531095;pc_5310
pc_531099;AJUSTES POR INFLACION;531099;pc_5310
pc_531599;AJUSTES POR INFLACION;531599;pc_5315
pc_539520;MULTAS, SANCIONES Y LITIGIOS;539520;pc_5395
pc_539599;AJUSTES POR INFLACION;539599;pc_5395
pc_6105;AGRICULTURA, GANADERIA, CAZA Y SILVICULTURA;6105;pc_61
pc_610505;CULTIVO DE CEREALES;610505;pc_6105
pc_610510;CULTIVOS DE HORTALIZAS, LEGUMBRES Y PLANTAS ORNAMENTALES;610510;pc_6105
pc_610515;CULTIVOS DE FRUTAS, NUECES Y PLANTAS AROMATICAS;610515;pc_6105
pc_610520;CULTIVO DE CAFE;610520;pc_6105
pc_610525;CULTIVO DE FLORES;610525;pc_6105
pc_610530;CULTIVO DE CAÑA DE AZUCAR;610530;pc_6105
pc_610535;CULTIVO DE ALGODON Y PLANTAS PARA MATERIAL TEXTIL;610535;pc_6105
pc_610540;CULTIVO DE BANANO;610540;pc_6105
pc_610545;OTROS CULTIVOS AGRICOLAS;610545;pc_6105
pc_610550;CRIA DE OVEJAS, CABRAS, ASNOS, MULAS Y BURDEGANOS;610550;pc_6105
pc_610555;CRIA DE GANADO CABALLAR Y VACUNO.;610555;pc_6105
pc_610560;PRODUCCION AVICOLA;610560;pc_6105
pc_610565;CRIA DE OTROS ANIMALES;610565;pc_6105
pc_610570;SERVICIOS AGRICOLAS Y GANADEROS;610570;pc_6105
pc_610575;ACTIVIDAD DE CAZA;610575;pc_6105
pc_610580;ACTIVIDAD DE SILVICULTURA;610580;pc_6105
pc_610595;ACTIVIDADES CONEXAS;610595;pc_6105
pc_610599;AJUSTES POR INFLACION;610599;pc_6105
pc_611005;ACTIVIDAD DE PESCA;611005;pc_6110
pc_611010;EXPLOTACION DE CRIADEROS DE PECES;611010;pc_6110
pc_611095;ACTIVIDADES CONEXAS;611095;pc_6110
pc_611099;AJUSTES POR INFLACION;611099;pc_6110
pc_611505;CARBON;611505;pc_6115
pc_611510;PETROLEO CRUDO;611510;pc_6115
pc_611512;GAS NATURAL;611512;pc_6115
pc_611514;SERVICIOS RELACIONADOS CON EXTRACCION DE PETROLEO Y GAS;611514;pc_6115
pc_611515;MINERALES DE HIERRO;611515;pc_6115
pc_611520;MINERALES METALIFEROS NO FERROSOS;611520;pc_6115
pc_611525;PIEDRA, ARENA Y ARCILLA;611525;pc_6115
pc_611527;PIEDRAS PRECIOSAS;611527;pc_6115
pc_611528;ORO;611528;pc_6115
pc_611530;OTRAS MINAS Y CANTERAS;611530;pc_6115
pc_611532;PRESTACION DE SERVICIOS SECTOR MINERO;611532;pc_6115
pc_611595;ACTIVIDADES CONEXAS;611595;pc_6115
pc_611599;AJUSTES POR INFLACION;611599;pc_6115
pc_612001;PRODUCCION Y PROCESAMIENTO DE CARNES Y PRODUCTOS CARNICOS;612001;pc_6120
pc_612002;PRODUCTOS DE PESCADO;612002;pc_6120
pc_612003;PRODUCTOS DE FRUTAS, LEGUMBRES Y HORTALIZAS;612003;pc_6120
pc_612004;ELABORACION DE ACEITES Y GRASAS;612004;pc_6120
pc_612005;ELABORACION DE PRODUCTOS LACTEOS;612005;pc_6120
pc_612006;ELABORACION DE PRODUCTOS DE MOLINERIA;612006;pc_6120
pc_612007;ELABORACION DE ALMIDONES Y DERIVADOS;612007;pc_6120
pc_612008;ELABORACION DE ALIMENTOS PARA ANIMALES;612008;pc_6120
pc_612009;ELABORACION DE PRODUCTOS PARA PANADERIA;612009;pc_6120
pc_612010;ELABORACION DE AZUCAR Y MELAZAS;612010;pc_6120
pc_612011;ELABORACION DE CACAO, CHOCOLATE Y CONFITERIA;612011;pc_6120
pc_612012;ELABORACION DE PASTAS  Y PRODUCTOS FARINACEOS;612012;pc_6120
pc_612013;ELABORACION DE PRODUCTOS DE CAFE;612013;pc_6120
pc_612014;ELABORACION DE OTROS PRODUCTOS ALIMENTICIOS;612014;pc_6120
pc_612015;ELABORACION DE BEBIDAS ALCOHOLICAS Y ALCOHOL ETILICO;612015;pc_6120
pc_612016;ELABORACION DE VINOS;612016;pc_6120
pc_612017;ELABORACION DE BEBIDAS MALTEADAS Y DE MALTA;612017;pc_6120
pc_612018;ELABORACION DE BEBIDAS NO ALCOHOLICAS;612018;pc_6120
pc_612019;ELABORACION DE PRODUCTOS DE TABACO;612019;pc_6120
pc_612020;PREPARACION E HILATURA DE FIBRAS TEXTILES Y TEJEDURIA;612020;pc_6120
pc_612021;ACABADO DE PRODUCTOS TEXTILES;612021;pc_6120
pc_612022;ELABORACION DE ARTICULOS DE MATERIALES TEXTILES;612022;pc_6120
pc_612023;ELABORACION DE TAPICES Y ALFOMBRAS;612023;pc_6120
pc_612024;ELABORACION DE CUERDAS, CORDELES, BRAMANTES Y REDES;612024;pc_6120
pc_612025;ELABORACION DE OTROS PRODUCTOS TEXTILES;612025;pc_6120
pc_612026;ELABORACION DE TEJIDOS;612026;pc_6120
pc_612027;ELABORACION DE PRENDAS DE VESTIR;612027;pc_6120
pc_612028;PREPARACION, ADOBO Y TEÑIDO DE PIELES;612028;pc_6120
pc_612029;CURTIDO, ADOBO O PREPARACION DE CUERO;612029;pc_6120
pc_612030;ELABORACION DE MALETAS, BOLSOS Y SIMILARES;612030;pc_6120
pc_612031;ELABORACION DE CALZADO;612031;pc_6120
pc_612032;PRODUCCION DE MADERA, ARTICULOS DE MADERA Y CORCHO;612032;pc_6120
pc_612033;ELABORACION DE PASTA Y PRODUCTOS DE MADERA, PAPEL Y CARTON;612033;pc_6120
pc_612034;EDICIONES Y PUBLICACIONES;612034;pc_6120
pc_612035;IMPRESION;612035;pc_6120
pc_612036;SERVICIOS RELACIONADOS CON LA EDICION Y LA IMPRESION;612036;pc_6120
pc_612037;REPRODUCCION DE GRABACIONES;612037;pc_6120
pc_612038;ELABORACION DE PRODUCTOS DE HORNO DE COQUE;612038;pc_6120
pc_612039;ELABORACION DE PRODUCTOS DE LA REFINACION DE PETROLEO;612039;pc_6120
pc_612040;ELABORACION DE SUSTANCIAS QUIMICAS BASICAS;612040;pc_6120
pc_612041;ELABORACION DE ABONOS Y COMPUESTOS DE NITROGENO;612041;pc_6120
pc_612042;ELABORACION DE PLASTICO Y CAUCHO SINTETICO;612042;pc_6120
pc_612043;ELABORACION DE PRODUCTOS QUIMICOS DE USO AGROPECUARIO;612043;pc_6120
pc_612044;ELABORACION DE PINTURAS, TINTAS Y MASILLAS;612044;pc_6120
pc_612045;ELABORACION DE PRODUCTOS FARMACEUTICOS Y BOTANICOS;612045;pc_6120
pc_612046;ELABORACION DE JABONES, DETERGENTES Y PREPARADOS DE TOCADOR;612046;pc_6120
pc_612047;ELABORACION DE OTROS PRODUCTOS QUIMICOS;612047;pc_6120
pc_612048;ELABORACION DE FIBRAS;612048;pc_6120
pc_612049;ELABORACION DE OTROS PRODUCTOS DE CAUCHO;612049;pc_6120
pc_612050;ELABORACION DE PRODUCTOS DE PLASTICO;612050;pc_6120
pc_612051;ELABORACION DE VIDRIO Y PRODUCTOS DE VIDRIO;612051;pc_6120
pc_612052;ELABORACION DE PRODUCTOS DE CERAMICA, LOZA, PIEDRA, ARCILLA Y PORCELANA;612052;pc_6120
pc_612053;ELABORACION DE CEMENTO, CAL Y YESO;612053;pc_6120
pc_612054;ELABORACION DE ARTICULOS DE HORMIGON, CEMENTO Y YESO;612054;pc_6120
pc_612055;CORTE, TALLADO Y ACABADO DE LA PIEDRA;612055;pc_6120
pc_612056;ELABORACION DE OTROS PRODUCTOS MINERALES NO METALICOS;612056;pc_6120
pc_612057;INDUSTRIAS BASICAS Y FUNDICION DE HIERRO Y ACERO;612057;pc_6120
pc_612058;PRODUCTOS PRIMARIOS DE METALES PRECIOSOS Y DE METALES NO FERROSOS;612058;pc_6120
pc_612059;FUNDICION DE METALES NO FERROSOS;612059;pc_6120
pc_612060;FABRICACION DE PRODUCTOS METALICOS PARA USO ESTRUCTURAL;612060;pc_6120
pc_612061;FORJA, PRENSADO, ESTAMPADO, LAMINADO DE METAL Y PULVIMETALURGIA;612061;pc_6120
pc_612062;REVESTIMIENTO DE METALES Y OBRAS DE INGENIERIA MECANICA;612062;pc_6120
pc_612063;FABRICACION DE ARTICULOS DE FERRETERIA;612063;pc_6120
pc_612064;ELABORACION DE OTROS PRODUCTOS DE METAL;612064;pc_6120
pc_612065;FABRICACION DE MAQUINARIA Y EQUIPO;612065;pc_6120
pc_612066;FABRICACION DE EQUIPOS DE ELEVACION Y MANIPULACION;612066;pc_6120
pc_612067;ELABORACION DE APARATOS DE USO DOMESTICO;612067;pc_6120
pc_612068;ELABORACION DE EQUIPO DE OFICINA;612068;pc_6120
pc_612069;ELABORACION DE PILAS Y BATERIAS PRIMARIAS;612069;pc_6120
pc_612070;ELABORACION DE EQUIPO DE ILUMINACION;612070;pc_6120
pc_612071;ELABORACION DE OTROS TIPOS DE EQUIPO ELECTRICO;612071;pc_6120
pc_612072;FABRICACION DE EQUIPOS DE RADIO, TELEVISION Y COMUNICACIONES;612072;pc_6120
pc_612073;FABRICACION DE APARATOS E INSTRUMENTOS MEDICOS;612073;pc_6120
pc_612074;FABRICACION DE INSTRUMENTOS DE MEDICION Y CONTROL;612074;pc_6120
pc_612075;FABRICACION DE INSTRUMENTOS DE OPTICA Y EQUIPO FOTOGRAFICO;612075;pc_6120
pc_612076;FABRICACION DE RELOJES;612076;pc_6120
pc_612077;FABRICACION DE VEHICULOS AUTOMOTORES;612077;pc_6120
pc_612078;FABRICACION DE CARROCERIAS PARA AUTOMOTORES;612078;pc_6120
pc_612079;FABRICACION DE PARTES PIEZAS Y ACCESORIOS PARA AUTOMOTORES;612079;pc_6120
pc_612080;FABRICACION Y REPARACION DE BUQUES Y OTRAS EMBARCACIONES;612080;pc_6120
pc_612081;FABRICACION DE LOCOMOTORAS Y MATERIAL RODANTE PARA FERROCARRILES;612081;pc_6120
pc_612082;FABRICACION DE AERONAVES;612082;pc_6120
pc_612083;FABRICACION DE MOTOCICLETAS;612083;pc_6120
pc_612084;FABRICACION DE BICICLETAS Y SILLAS DE RUEDAS;612084;pc_6120
pc_612085;FABRICACION DE OTROS TIPOS DE TRANSPORTE;612085;pc_6120
pc_612086;FABRICACION DE MUEBLES;612086;pc_6120
pc_612087;FABRICACION DE JOYAS Y ARTICULOS CONEXOS;612087;pc_6120
pc_612088;FABRICACION DE INSTRUMENTOS DE MUSICA;612088;pc_6120
pc_612089;FABRICACION DE ARTICULOS Y EQUIPO PARA DEPORTE;612089;pc_6120
pc_612090;FABRICACION DE JUEGOS Y JUGUETES;612090;pc_6120
pc_612091;RECICLAMIENTO DE DESPERDICIOS;612091;pc_6120
pc_612095;PRODUCTOS DE OTRAS INDUSTRIAS MANUFACTURERAS;612095;pc_6120
pc_612099;AJUSTES POR INFLACION;612099;pc_6120
pc_6125;SUMINISTRO DE ELECTRICIDAD, GAS Y AGUA;6125;pc_61
pc_612505;GENERACION, CAPTACION Y DISTRIBUCION DE ENERGIA ELECTRICA;612505;pc_6125
pc_612510;FABRICACION DE GAS Y DISTRIBUCION DE COMBUSTIBLES GASEOSOS;612510;pc_6125
pc_612515;CAPTACION, DEPURACION Y DISTRIBUCION DE AGUA;612515;pc_6125
pc_612595;ACTIVIDADES CONEXAS;612595;pc_6125
pc_612599;AJUSTES POR INFLACION;612599;pc_6125
pc_613005;PREPARACION DE TERRENOS;613005;pc_6130
pc_613010;CONSTRUCCION DE EDIFICIOS Y OBRAS DE INGENIERIA CIVIL;613010;pc_6130
pc_613015;ACONDICIONAMIENTO DE EDIFICIOS;613015;pc_6130
pc_613020;TERMINACION DE EDIFICACIONES;613020;pc_6130
pc_613025;ALQUILER DE EQUIPO CON OPERARIO;613025;pc_6130
pc_613095;ACTIVIDADES CONEXAS;613095;pc_6130
pc_613099;AJUSTES POR INFLACION;613099;pc_6130
pc_613502;VENTA DE VEHICULOS AUTOMOTORES;613502;pc_6135
pc_613504;MANTENIMIENTO, REPARACION Y LAVADO DE VEHICULOS AUTOMOTORES;613504;pc_6135
pc_613506;VENTA DE PARTES, PIEZAS Y ACCESORIOS DE VEHICULOS AUTOMOTORES;613506;pc_6135
pc_613508;VENTA DE COMBUSTIBLES SOLIDOS, LIQUIDOS, GASEOSOS;613508;pc_6135
pc_613510;VENTA DE LUBRICANTES, ADITIVOS, LLANTAS Y LUJOS PARA AUTOMOTORES;613510;pc_6135
pc_613512;VENTA A CAMBIO DE RETRIBUCION O POR CONTRATA;613512;pc_6135
pc_613514;VENTA DE INSUMOS, MATERIAS PRIMAS AGROPECUARIAS Y FLORES;613514;pc_6135
pc_613516;VENTA DE OTROS INSUMOS Y MATERIAS PRIMAS NO AGROPECUARIAS;613516;pc_6135
pc_613518;VENTA DE ANIMALES VIVOS Y CUEROS;613518;pc_6135
pc_613520;VENTA DE PRODUCTOS EN ALMACENES NO ESPECIALIZADOS;613520;pc_6135
pc_613522;VENTA DE PRODUCTOS AGROPECUARIOS;613522;pc_6135
pc_613524;VENTA DE PRODUCTOS TEXTILES, DE VESTIR, DE CUERO Y CALZADO;613524;pc_6135
pc_613526;VENTA DE PAPEL Y CARTON;613526;pc_6135
pc_613528;VENTA DE LIBROS, REVISTAS, ELEMENTOS DE PAPELERIA, UTILES Y TEXTOS ESCOLARES;613528;pc_6135
pc_613530;VENTA DE JUEGOS, JUGUETES Y ARTICULOS DEPORTIVOS;613530;pc_6135
pc_613532;VENTA DE INSTRUMENTOS QUIRURGICOS Y ORTOPEDICOS;613532;pc_6135
pc_613534;VENTA DE ARTICULOS EN RELOJERIAS Y JOYERIAS;613534;pc_6135
pc_613536;VENTA DE ELECTRODOMESTICOS Y MUEBLES;613536;pc_6135
pc_613538;VENTA DE PRODUCTOS DE ASEO, FARMACEUTICOS, MEDICINALES, Y ARTICULOS DE TOCADOR;613538;pc_6135
pc_613540;VENTA DE CUBIERTOS, VAJILLAS, CRISTALERIA, PORCELANAS, CERAMICAS Y OTROS ARTICULOS DE USO DOMESTICO;613540;pc_6135
pc_613542;VENTA DE MATERIALES DE CONSTRUCCION, FONTANERIA Y CALEFACCION;613542;pc_6135
pc_613544;VENTA DE PINTURAS Y LACAS;613544;pc_6135
pc_613546;VENTA DE PRODUCTOS DE VIDRIOS Y MARQUETERIA;613546;pc_6135
pc_613548;VENTA DE HERRAMIENTAS Y ARTICULOS DE FERRETERIA;613548;pc_6135
pc_613550;VENTA DE QUIMICOS;613550;pc_6135
pc_613552;VENTA DE PRODUCTOS INTERMEDIOS, DESPERDICIOS Y DESECHOS;613552;pc_6135
pc_613554;VENTA DE MAQUINARIA, EQUIPO DE OFICINA Y PROGRAMAS DE COMPUTADOR;613554;pc_6135
pc_613556;VENTA DE ARTICULOS EN CACHARRERIAS Y MISCELANEAS;613556;pc_6135
pc_613558;VENTA DE INSTRUMENTOS MUSICALES;613558;pc_6135
pc_613560;VENTA DE ARTICULOS EN CASAS DE EMPEÑO Y PRENDERIAS;613560;pc_6135
pc_613562;VENTA DE EQUIPO FOTOGRAFICO;613562;pc_6135
pc_613564;VENTA DE EQUIPO OPTICO Y DE PRECISION;613564;pc_6135
pc_613566;VENTA DE EMPAQUES;613566;pc_6135
pc_613568;VENTA DE EQUIPO PROFESIONAL Y CIENTIFICO;613568;pc_6135
pc_613570;VENTA DE LOTERIAS, RIFAS, CHANCE, APUESTAS Y SIMILARES;613570;pc_6135
pc_613572;REPARACION DE EFECTOS PERSONALES Y ELECTRODOMESTICOS;613572;pc_6135
pc_613595;VENTA DE OTROS PRODUCTOS;613595;pc_6135
pc_613599;AJUSTES POR INFLACION;613599;pc_6135
pc_614005;HOTELERIA;614005;pc_6140
pc_614010;CAMPAMENTO Y OTROS TIPOS DE HOSPEDAJE;614010;pc_6140
pc_614015;RESTAURANTES;614015;pc_6140
pc_614020;BARES Y CANTINAS;614020;pc_6140
pc_614095;ACTIVIDADES CONEXAS;614095;pc_6140
pc_614099;AJUSTES POR INFLACION;614099;pc_6140
pc_6145;TRANSPORTE, ALMACENAMIENTO Y COMUNICACIONES;6145;pc_61
pc_614505;SERVICIO DE TRANSPORTE POR CARRETERA;614505;pc_6145
pc_614510;SERVICIO DE TRANSPORTE POR VIA FERREA;614510;pc_6145
pc_614515;SERVICIO DE TRANSPORTE POR VIA ACUATICA;614515;pc_6145
pc_614520;SERVICIO DE TRANSPORTE POR VIA AEREA;614520;pc_6145
pc_614525;SERVICIO DE TRANSPORTE POR TUBERIAS;614525;pc_6145
pc_614530;MANIPULACION DE CARGA;614530;pc_6145
pc_614535;ALMACENAMIENTO Y DEPOSITO;614535;pc_6145
pc_614540;SERVICIOS COMPLEMENTARIOS PARA EL TRANSPORTE;614540;pc_6145
pc_614545;AGENCIAS DE VIAJE;614545;pc_6145
pc_614550;OTRAS AGENCIAS DE TRANSPORTE;614550;pc_6145
pc_614555;SERVICIO POSTAL Y DE CORREO;614555;pc_6145
pc_614560;SERVICIO TELEFONICO;614560;pc_6145
pc_614565;SERVICIO DE TELEGRAFO;614565;pc_6145
pc_614570;SERVICIO DE TRANSMISION DE DATOS;614570;pc_6145
pc_614575;SERVICIO DE RADIO Y TELEVISION POR CABLE;614575;pc_6145
pc_614580;TRANSMISION DE SONIDO E IMAGENES POR CONTRATO;614580;pc_6145
pc_614595;ACTIVIDADES CONEXAS;614595;pc_6145
pc_614599;AJUSTES POR INFLACION;614599;pc_6145
pc_615005;DE INVERSIONES;615005;pc_6150
pc_615010;DE SERVICIO DE BOLSA;615010;pc_6150
pc_615099;AJUSTES POR INFLACION;615099;pc_6150
pc_6155;ACTIVIDADES INMOBILIARIAS, EMPRESARIALES Y DE ALQUILER;6155;pc_61
pc_615505;ARRENDAMIENTOS DE BIENES INMUEBLES;615505;pc_6155
pc_615510;INMOBILIARIAS POR RETRIBUCION O CONTRATA;615510;pc_6155
pc_615515;ALQUILER EQUIPO DE TRANSPORTE;615515;pc_6155
pc_615520;ALQUILER MAQUINARIA Y EQUIPO;615520;pc_6155
pc_615525;ALQUILER DE EFECTOS PERSONALES Y ENSERES DOMESTICOS;615525;pc_6155
pc_615530;CONSULTORIA EN EQUIPO Y PROGRAMAS DE INFORMATICA;615530;pc_6155
pc_615535;PROCESAMIENTO DE DATOS;615535;pc_6155
pc_615540;MANTENIMIENTO Y REPARACION DE MAQUINARIA DE OFICINA;615540;pc_6155
pc_615545;INVESTIGACIONES CIENTIFICAS Y DE DESARROLLO;615545;pc_6155
pc_615550;ACTIVIDADES EMPRESARIALES DE CONSULTORIA;615550;pc_6155
pc_615555;PUBLICIDAD;615555;pc_6155
pc_615560;DOTACION DE PERSONAL;615560;pc_6155
pc_615565;INVESTIGACION Y SEGURIDAD;615565;pc_6155
pc_615570;LIMPIEZA DE INMUEBLES;615570;pc_6155
pc_615575;FOTOGRAFIA;615575;pc_6155
pc_615580;ENVASE Y EMPAQUE;615580;pc_6155
pc_615585;FOTOCOPIADO;615585;pc_6155
pc_615590;MANTENIMIENTO Y REPARACION DE MAQUINARIA Y EQUIPO;615590;pc_6155
pc_615595;ACTIVIDADES CONEXAS;615595;pc_6155
pc_615599;AJUSTES POR INFLACION;615599;pc_6155
pc_616005;ACTIVIDADES RELACIONADAS CON LA EDUCACION;616005;pc_6160
pc_616099;AJUSTES POR INFLACION;616099;pc_6160
pc_616505;SERVICIO HOSPITALARIO;616505;pc_6165
pc_616510;SERVICIO MEDICO;616510;pc_6165
pc_616515;SERVICIO ODONTOLOGICO;616515;pc_6165
pc_616520;SERVICIO DE LABORATORIO;616520;pc_6165
pc_616525;ACTIVIDADES VETERINARIAS;616525;pc_6165
pc_616530;ACTIVIDADES DE SERVICIOS SOCIALES;616530;pc_6165
pc_616595;ACTIVIDADES CONEXAS;616595;pc_6165
pc_616599;AJUSTES POR INFLACION;616599;pc_6165
pc_6170;OTRAS ACTIVIDADES DE SERVICIOS COMUNITARIOS, SOCIALES Y PERSONALES;6170;pc_61
pc_617005;ELIMINACION DE DESPERDICIOS Y AGUAS RESIDUALES;617005;pc_6170
pc_617010;ACTIVIDADES DE ASOCIACION;617010;pc_6170
pc_617015;PRODUCCION Y DISTRIBUCION DE FILMES Y VIDEOCINTAS;617015;pc_6170
pc_617020;EXHIBICION DE FILMES Y VIDEOCINTAS;617020;pc_6170
pc_617025;ACTIVIDAD DE RADIO Y TELEVISION;617025;pc_6170
pc_617030;ACTIVIDAD TEATRAL, MUSICAL Y ARTISTICA;617030;pc_6170
pc_617035;GRABACION Y PRODUCCION DE DISCOS;617035;pc_6170
pc_617040;ENTRETENIMIENTO Y ESPARCIMIENTO;617040;pc_6170
pc_617045;AGENCIAS DE NOTICIAS;617045;pc_6170
pc_617050;LAVANDERIAS Y SIMILARES;617050;pc_6170
pc_617055;PELUQUERIAS Y SIMILARES;617055;pc_6170
pc_617060;SERVICIOS FUNERARIOS;617060;pc_6170
pc_617065;ZONAS FRANCAS;617065;pc_6170
pc_617095;ACTIVIDADES CONEXAS;617095;pc_6170
pc_617099;AJUSTES POR INFLACION;617099;pc_6170
pc_620599;AJUSTES POR INFLACION;620599;pc_6205
pc_621099;AJUSTES POR INFLACION;621099;pc_6210
pc_621599;AJUSTES POR INFLACION;621599;pc_6215
pc_622001;a 622098;622001;pc_6220
pc_622099;AJUSTES POR INFLACION;622099;pc_6220
pc_622599;AJUSTES POR INFLACION;622599;pc_6225
pc_8;CUENTAS DE ORDEN DEUDORAS;8;pc
pc_81;DERECHOS CONTINGENTES;81;pc_8
pc_8105;BIENES Y VALORES ENTREGADOS EN CUSTODIA;8105;pc_81
pc_810505;VALORES MOBILIARIOS;810505;pc_8105
pc_810510;BIENES MUEBLES;810510;pc_8105
pc_810599;AJUSTES POR INFLACION;810599;pc_8105
pc_8110;BIENES Y VALORES ENTREGADOS EN GARANTIA;8110;pc_81
pc_811005;VALORES MOBILIARIOS;811005;pc_8110
pc_811010;BIENES MUEBLES;811010;pc_8110
pc_811015;BIENES INMUEBLES;811015;pc_8110
pc_811020;CONTRATOS DE GANADO EN PARTICIPACION;811020;pc_8110
pc_811099;AJUSTES POR INFLACION;811099;pc_8110
pc_8115;BIENES Y VALORES EN PODER DE TERCEROS;8115;pc_81
pc_811505;EN ARRENDAMIENTO;811505;pc_8115
pc_811510;EN PRESTAMO;811510;pc_8115
pc_811515;EN DEPOSITO;811515;pc_8115
pc_811520;EN CONSIGNACION;811520;pc_8115
pc_811599;AJUSTES POR INFLACION;811599;pc_8115
pc_8120;LITIGIOS Y/O DEMANDAS;8120;pc_81
pc_812005;EJECUTIVOS;812005;pc_8120
pc_812010;INCUMPLIMIENTO DE CONTRATOS;812010;pc_8120
pc_8125;PROMESAS DE COMPRAVENTA;8125;pc_81
pc_8195;DIVERSAS;8195;pc_81
pc_819505;VALORES ADQUIRIDOS POR RECIBIR;819505;pc_8195
pc_819595;OTRAS;819595;pc_8195
pc_819599;AJUSTES POR INFLACION.;819599;pc_8195
pc_82;DEUDORAS FISCALES;82;pc_8
pc_83;DEUDORAS DE CONTROL;83;pc_8
pc_8305;BIENES RECIBIDOS EN ARRENDAMIENTO FINANCIERO;8305;pc_83
pc_830505;BIENES MUEBLES;830505;pc_8305
pc_830510;BIENES INMUEBLES;830510;pc_8305
pc_830599;AJUSTES POR INFLACION;830599;pc_8305
pc_8310;TITULOS DE INVERSION NO COLOCADOS;8310;pc_83
pc_831005;ACCIONES;831005;pc_8310
pc_831010;BONOS;831010;pc_8310
pc_831095;OTROS;831095;pc_8310
pc_8315;PROPIEDADES PLANTA Y EQUIPO TOTALMENTE DEPRECIADOS, AGOTADOS Y/O AMORTIZADOS;8315;pc_83
pc_831506;MATERIALES PROYECTOS PETROLEROS;831506;pc_8315
pc_831516;CONSTRUCCIONES Y EDIFICACIONES;831516;pc_8315
pc_831520;MAQUINARIA Y EQUIPO;831520;pc_8315
pc_831524;EQUIPO DE OFICINA;831524;pc_8315
pc_831528;EQUIPO DE COMPUTACION Y COMUNICACION;831528;pc_8315
pc_831532;EQUIPO MEDICO - CIENTIFICO;831532;pc_8315
pc_831536;EQUIPO DE HOTELES Y RESTAURANTES;831536;pc_8315
pc_831540;FLOTA Y EQUIPO DE TRANSPORTE;831540;pc_8315
pc_831544;FLOTA Y EQUIPO FLUVIAL Y/O MARITIMO;831544;pc_8315
pc_831548;FLOTA Y EQUIPO AEREO;831548;pc_8315
pc_831552;FLOTA Y EQUIPO FERREO;831552;pc_8315
pc_831556;ACUEDUCTOS, PLANTAS Y REDES;831556;pc_8315
pc_831560;ARMAMENTO DE VIGILANCIA;831560;pc_8315
pc_831562;ENVASES Y EMPAQUES;831562;pc_8315
pc_831564;PLANTACIONES AGRICOLAS Y FORESTALES;831564;pc_8315
pc_831568;VIAS DE COMUNICACION;831568;pc_8315
pc_831572;MINAS Y CANTERAS;831572;pc_8315
pc_831576;POZOS ARTESIANOS;831576;pc_8315
pc_831580;YACIMIENTOS;831580;pc_8315
pc_831584;SEMOVIENTES;831584;pc_8315
pc_831599;AJUSTES POR INFLACION;831599;pc_8315
pc_8320;CREDITOS A FAVOR NO UTILIZADOS;8320;pc_83
pc_832005;PAIS;832005;pc_8320
pc_832010;EXTERIOR;832010;pc_8320
pc_8325;ACTIVOS CASTIGADOS;8325;pc_83
pc_832505;INVERSIONES;832505;pc_8325
pc_832510;DEUDORES;832510;pc_8325
pc_832595;OTROS ACTIVOS;832595;pc_8325
pc_8330;TITULOS DE INVERSION AMORTIZADOS;8330;pc_83
pc_833005;BONOS;833005;pc_8330
pc_833095;OTROS;833095;pc_8330
pc_8335;CAPITALIZACION POR REVALORIZACION DE PATRIMONIO;8335;pc_83
pc_8395;OTRAS CUENTAS DEUDORAS DE CONTROL;8395;pc_83
pc_839505;CHEQUES POSTFECHADOS;839505;pc_8395
pc_839510;CERTIFICADOS DE DEPOSITO A TERMINO;839510;pc_8395
pc_839515;CHEQUES DEVUELTOS;839515;pc_8395
pc_839520;BIENES Y VALORES EN FIDEICOMISO;839520;pc_8395
pc_839525;INTERESES SOBRE DEUDAS VENCIDAS;839525;pc_8395
pc_839595;DIVERSAS;839595;pc_8395
pc_839599;AJUSTES POR INFLACION;839599;pc_8395
pc_8399;AJUSTES POR INFLACION ACTIVOS;8399;pc_83
pc_839905;INVERSIONES;839905;pc_8399
pc_839910;INVENTARIOS;839910;pc_8399
pc_839915;PROPIEDADES PLANTA Y EQUIPO;839915;pc_8399
pc_839920;INTANGIBLES;839920;pc_8399
pc_839925;CARGOS DIFERIDOS;839925;pc_8399
pc_839995;OTROS ACTIVOS;839995;pc_8399
pc_84;DERECHOS CONTINGENTES POR CONTRA (CR);84;pc_8
pc_85;DEUDORAS FISCALES POR CONTRA (CR);85;pc_8
pc_86;DEUDORAS DE CONTROL POR CONTRA (CR);86;pc_8
pc_9;CUENTAS DE ORDEN ACREEDORAS;9;pc
pc_91;RESPONSABILIDADES CONTINGENTES;91;pc_9
pc_9105;BIENES Y VALORES RECIBIDOS EN CUSTODIA;9105;pc_91
pc_910505;VALORES MOBILIARIOS;910505;pc_9105
pc_910510;BIENES MUEBLES;910510;pc_9105
pc_910599;AJUSTES POR INFLACION;910599;pc_9105
pc_9110;BIENES Y VALORES RECIBIDOS EN GARANTIA;9110;pc_91
pc_911005;VALORES MOBILIARIOS;911005;pc_9110
pc_911010;BIENES MUEBLES;911010;pc_9110
pc_911015;BIENES INMUEBLES;911015;pc_9110
pc_911020;CONTRATOS DE GANADO EN PARTICIPACION;911020;pc_9110
pc_911099;AJUSTES POR INFLACION;911099;pc_9110
pc_9115;BIENES Y VALORES RECIBIDOS DE TERCEROS;9115;pc_91
pc_911505;EN ARRENDAMIENTO;911505;pc_9115
pc_911510;EN PRESTAMO;911510;pc_9115
pc_911515;EN DEPOSITO;911515;pc_9115
pc_911520;EN CONSIGNACION;911520;pc_9115
pc_911525;EN COMODATO;911525;pc_9115
pc_911599;AJUSTES POR INFLACION;911599;pc_9115
pc_9120;LITIGIOS Y/O DEMANDAS;9120;pc_91
pc_912005;LABORALES;912005;pc_9120
pc_912010;CIVILES;912010;pc_9120
pc_912015;ADMINISTRATIVOS O ARBITRALES;912015;pc_9120
pc_912020;TRIBUTARIOS;912020;pc_9120
pc_9125;PROMESAS DE COMPRAVENTA;9125;pc_91
pc_9130;CONTRATOS DE ADMINISTRACION DELEGADA;9130;pc_91
pc_9135;CUENTAS EN PARTICIPACION;9135;pc_91
pc_9195;OTRAS RESPONSABILIDADES CONTINGENTES;9195;pc_91
pc_92;ACREEDORAS FISCALES;92;pc_9
pc_93;ACREEDORAS DE CONTROL;93;pc_9
pc_9305;CONTRATOS DE ARRENDAMIENTO FINANCIERO;9305;pc_93
pc_930505;BIENES MUEBLES;930505;pc_9305
pc_930510;BIENES INMUEBLES;930510;pc_9305
pc_9395;OTRAS CUENTAS DE ORDEN ACREEDORAS DE CONTROL;9395;pc_93
pc_939505;DOCUMENTOS POR COBRAR DESCONTADOS;939505;pc_9395
pc_939510;CONVENIOS DE PAGO;939510;pc_9395
pc_939515;CONTRATOS DE CONSTRUCCIONES E INSTALACIONES POR EJECUTAR;939515;pc_9395
pc_939520;PEDIDOS COLOCADOS;939520;pc_9395
pc_939525;ADJUDICACIONES PENDIENTES DE LEGALIZAR;939525;pc_9395
pc_939530;RESERVA ARTICULO 3o. LEY 4/80;939530;pc_9395
pc_939535;RESERVA COSTO REPOSICION SEMOVIENTES;939535;pc_9395
pc_939599;AJUSTES POR INFLACION;939599;pc_9395
pc_9399;AJUSTES POR INFLACION PATRIMONIO;9399;pc_93
pc_939905;CAPITAL SOCIAL;939905;pc_9399
pc_939910;SUPERAVIT DE CAPITAL;939910;pc_9399
pc_939915;RESERVAS;939915;pc_9399
pc_939925;DIVIDENDOS O PARTICIPACIONES DECRETADAS EN ACCIONES, CUOTAS O PARTES DE INTERES SOCIAL;939925;pc_9399
pc_939930;RESULTADOS DE EJERCICIOS ANTERIORES;939930;pc_9399
pc_94;RESPONSABILIDADES CONTINGENTES POR CONTRA (DB);94;pc_9
pc_95;ACREEDORAS FISCALES POR CONTRA (DB);95;pc_9
pc_96;ACREEDORAS DE CONTROL POR CONTRA (DB);96;pc_9
